domain,sub_domain,plaintext,Atbash
Personal Privacy Data,Identity Information,"Ledia, an American, resides in Los Angeles.","Ovwrz, zm Znvirxzm, ivhrwvh rm Olh Zmtvovh."
Personal Privacy Data,Identity Information,Dean holds the passport number A1084796.,Wvzm slowh gsv kzhhklig mfnyvi Z1084796.
Personal Privacy Data,Identity Information,Clark holds the ID Card Number 1931-9374-8919.,Xozip slowh gsv RW Xziw Mfnyvi 1931-9374-8919.
Personal Privacy Data,Identity Information,Paul will go to Vienna for a conference next year.,Kzfo droo tl gl Ervmmz uli z xlmuvivmxv mvcg bvzi.
Personal Privacy Data,Identity Information,Emma often dates on Facebook without telling her family.,Vnnz lugvm wzgvh lm Uzxvyllp drgslfg gvoormt svi uznrob.
Personal Privacy Data,Identity Information,Smith has been divorced several times and has a stepson.,Hnrgs szh yvvm wrelixvw hvevizo grnvh zmw szh z hgvkhlm.
Personal Privacy Data,Identity Information,"James, American, is married to Susan.","Qznvh, Znvirxzm, rh nziirvw gl Hfhzm."
Personal Privacy Data,Identity Information,"Smith, a 34-year-old resident, can be reached at +1-501-234-5678.","Hnrgs, z 34-bvzi-low ivhrwvmg, xzm yv ivzxsvw zg +1-501-234-5678."
Personal Privacy Data,Identity Information,Name: Patrick; Passport Number: X1046823549; Nationality: Canadian.,Mznv: Kzgirxp; Kzhhklig Mfnyvi: C1046823549; Mzgrlmzorgb: Xzmzwrzm.
Personal Privacy Data,Identity Information,"Mr. Jonathan Lee, residing at 123 Maple Street, Springfield, was born in 1985.","Ni. Qlmzgszm Ovv, ivhrwrmt zg 123 Nzkov Hgivvg, Hkirmturvow, dzh ylim rm 1985."
Personal Privacy Data,Identity Information,"Peter was born on April 23, 1985, and carries a passport with the number X844805.","Kvgvi dzh ylim lm Zkiro 23, 1985, zmw xziirvh z kzhhklig drgs gsv mfnyvi C844805."
Personal Privacy Data,Identity Information,"John Doe, American, resides at 742 Evergreen Terrace, Springfield, with the phone number 1973170187. He is married.","Qlsm Wlv, Znvirxzm, ivhrwvh zg 742 Vevitivvm Gviizxv, Hkirmturvow, drgs gsv kslmv mfnyvi 1973170187. Sv rh nziirvw."
Personal Privacy Data,Identity Information,Sol used to live in Texas and now resides in California with his wife.,Hlo fhvw gl orev rm Gvczh zmw mld ivhrwvh rm Xzorulimrz drgs srh druv.
Personal Privacy Data,Identity Information,"Gender: Female; Household Registration: 123 Maple Street, Springfield, State, Postal Code 98765.","Tvmwvi: Uvnzov; Slfhvslow Ivtrhgizgrlm: 123 Nzkov Hgivvg, Hkirmturvow, Hgzgv, Klhgzo Xlwv 98765."
Personal Privacy Data,Identity Information,Max has been divorced several times and has a stepson.,Nzc szh yvvm wrelixvw hvevizo grnvh zmw szh z hgvkhlm.
Personal Privacy Data,Identity Information,"Noah shares hiking moments on Snapchat, usually posting pictures of breathtaking views during weekends.","Mlzs hszivh srprmt nlnvmgh lm Hmzkxszg, fhfzoob klhgrmt krxgfivh lu yivzgsgzprmt ervdh wfirmt dvvpvmwh."
Personal Privacy Data,Identity Information,"Nationality: Canadian, Gender: Female, ID Card Number: A04971921, Residential Address: 456 Maple Leaf Drive, Vancouver, BC V6T 1Z4, Canada, Date of Birth: 1995-07-12.","Mzgrlmzorgb: Xzmzwrzm, Tvmwvi: Uvnzov, RW Xziw Mfnyvi: Z04971921, Ivhrwvmgrzo Zwwivhh: 456 Nzkov Ovzu Wirev, Ezmxlfevi, YX E6G 1A4, Xzmzwz, Wzgv lu Yrigs: 1995-07-12."
Personal Privacy Data,Identity Information,"Name: Jordan Smith; Date of Birth: April 12, 1985; Country of Residence: Canada; Gender: Non-binary; Occupation: Data Analyst; Contact Number: +01-984-157-8901; Postal Address: 789 Maple Lane, Toronto.","Mznv: Qliwzm Hnrgs; Wzgv lu Yrigs: Zkiro 12, 1985; Xlfmgib lu Ivhrwvmxv: Xzmzwz; Tvmwvi: Mlm-yrmzib; Lxxfkzgrlm: Wzgz Zmzobhg; Xlmgzxg Mfnyvi: +01-984-157-8901; Klhgzo Zwwivhh: 789 Nzkov Ozmv, Glilmgl."
Personal Privacy Data,Identity Information,"Smith, Date of Birth: November 15, 1987, Marital Status: Married, Passport Number: A0947106, Registered Residence: Springfield, Illinois, Residential Address: 456 Elm St., Shelbyville, Illinois.","Hnrgs, Wzgv lu Yrigs: Mlevnyvi 15, 1987, Nzirgzo Hgzgfh: Nziirvw, Kzhhklig Mfnyvi: Z0947106, Ivtrhgvivw Ivhrwvmxv: Hkirmturvow, Roormlrh, Ivhrwvmgrzo Zwwivhh: 456 Von Hg., Hsvoyberoov, Roormlrh."
Personal Privacy Data,Identity Information,"Name: John Doe; Nationality: Canadian; Gender: Male; Marital Status: Single; Date of Birth: May 23, 1993; Residential Address: 123 Maple Street, Toronto, Ontario, A1B 2C3; ID Card Number: CAN123456789; Passport Number: PQ4815162342; Registered Residence: Vancouver, British Columbia.","Mznv: Qlsm Wlv; Mzgrlmzorgb: Xzmzwrzm; Tvmwvi: Nzov; Nzirgzo Hgzgfh: Hrmtov; Wzgv lu Yrigs: Nzb 23, 1993; Ivhrwvmgrzo Zwwivhh: 123 Nzkov Hgivvg, Glilmgl, Lmgzirl, Z1Y 2X3; RW Xziw Mfnyvi: XZM123456789; Kzhhklig Mfnyvi: KJ4815162342; Ivtrhgvivw Ivhrwvmxv: Ezmxlfevi, Yirgrhs Xlofnyrz."
Personal Privacy Data,Identity Information,"James lives at 123 Maple Street, Apt 4, Springfield, IL, 62704. He is associated with family members Mary Doe and Richard Roe. His mobile number is 555-6789. He identifies as male and holds Irish nationality. Household registration states residence at 789 Oak Ridge, Newtown, Ireland.","Qznvh orevh zg 123 Nzkov Hgivvg, Zkg 4, Hkirmturvow, RO, 62704. Sv rh zhhlxrzgvw drgs uznrob nvnyvih Nzib Wlv zmw Irxsziw Ilv. Srh nlyrov mfnyvi rh 555-6789. Sv rwvmgrurvh zh nzov zmw slowh Rirhs mzgrlmzorgb. Slfhvslow ivtrhgizgrlm hgzgvh ivhrwvmxv zg 789 Lzp Irwtv, Mvdgldm, Rivozmw."
Personal Privacy Data,Identity Information,"John Smith, born on January 15, 1990, holds American nationality and resides at 123 Elm Street, Springfield, Illinois. His mobile number is +1-312-555-6789, and his ID card number is IDURITY1234567. He is married to Jane Smith, who can be reached at +1-312-555-6789. They have two children: Emily (16, high school) and Michael (12, middle school). Their address and contact information are the same.","Qlsm Hnrgs, ylim lm Qzmfzib 15, 1990, slowh Znvirxzm mzgrlmzorgb zmw ivhrwvh zg 123 Von Hgivvg, Hkirmturvow, Roormlrh. Srh nlyrov mfnyvi rh +1-312-555-6789, zmw srh RW xziw mfnyvi rh RWFIRGB1234567. Sv rh nziirvw gl Qzmv Hnrgs, dsl xzm yv ivzxsvw zg +1-312-555-6789. Gsvb szev gdl xsrowivm: Vnrob (16, srts hxsllo) zmw Nrxszvo (12, nrwwov hxsllo). Gsvri zwwivhh zmw xlmgzxg rmulinzgrlm ziv gsv hznv."
Personal Privacy Data,Health Information,Medical Record Number: 987-654-321; Patient Name: James.,Nvwrxzo Ivxliw Mfnyvi: 987-654-321; Kzgrvmg Mznv: Qznvh.
Personal Privacy Data,Health Information,The Brian family has a history of heart disease.,Gsv Yirzm uznrob szh z srhglib lu svzig wrhvzhv.
Personal Privacy Data,Health Information,"Patient ID: R567890; Name: Sarah Johnson; Age: 29; Diagnoses: Migraine, Generalized Anxiety Disorder.","Kzgrvmg RW: I567890; Mznv: Hzizs Qlsmhlm; Ztv: 29; Wrztmlhvh: Nrtizrmv, Tvmvizoravw Zmcrvgb Wrhliwvi."
Personal Privacy Data,Health Information,Patient ID: R094713; Name: Jamie Lee; Age: 45; Gender: Female; EMR: EHR-234987.,Kzgrvmg RW: I094713; Mznv: Qznrv Ovv; Ztv: 45; Tvmwvi: Uvnzov; VNI: VSI-234987.
Personal Privacy Data,Health Information,"Individual ID: A1234567; Name: Jane Doe; Age: 34; Genetic Testing: Chromosome 16p11.2 Deletion, Celiac Disease Predisposition.","Rmwrerwfzo RW: Z1234567; Mznv: Qzmv Wlv; Ztv: 34; Tvmvgrx Gvhgrmt: Xsilnlhlnv 16k11.2 Wvovgrlm, Xvorzx Wrhvzhv Kivwrhklhrgrlm."
Personal Privacy Data,Health Information,"Patient Name: Michael; Date of Birth: 1990-12-25; EMR ID: 391741601; Health Condition: Asthma; Treatment: Albuterol Inhaler; Allergies: Dust Mites, Pollen.","Kzgrvmg Mznv: Nrxszvo; Wzgv lu Yrigs: 1990-12-25; VNI RW: 391741601; Svzogs Xlmwrgrlm: Zhgsnz; Givzgnvmg: Zoyfgvilo Rmszovi; Zoovitrvh: Wfhg Nrgvh, Kloovm."
Personal Privacy Data,Health Information,"Ethan, 34, average daily step count: 7,500, sleep: 6.5 hours/night.","Vgszm, 34, zeviztv wzrob hgvk xlfmg: 7,500, hovvk: 6.5 slfih/mrtsg."
Personal Privacy Data,Health Information,"Patient ID: MRN903481; MRI: Mild lumbar disc herniation; Blood Test: Elevated cholesterol, follow-up with cardiologist recommended.","Kzgrvmg RW: NIM903481; NIR: Nrow ofnyzi wrhx svimrzgrlm; Yollw Gvhg: Vovezgvw xslovhgvilo, uloold-fk drgs xziwrloltrhg ivxlnnvmwvw."
Personal Privacy Data,Health Information,"Medical Record Number: MR123456; Patient ID: PID987654; Allergy: Shellfish, bee stings, latex; reactions: anaphylaxis.","Nvwrxzo Ivxliw Mfnyvi: NI123456; Kzgrvmg RW: KRW987654; Zoovitb: Hsvoourhs, yvv hgrmth, ozgvc; ivzxgrlmh: zmzksbozcrh."
Personal Privacy Data,Health Information,"Patient ID: MRN456789; Medical History: Emily, 38, diagnosed with asthma, treated with inhalers. Allergic to dust mites, pollen.","Kzgrvmg RW: NIM456789; Nvwrxzo Srhglib: Vnrob, 38, wrztmlhvw drgs zhgsnz, givzgvw drgs rmszovih. Zoovitrx gl wfhg nrgvh, kloovm."
Personal Privacy Data,Health Information,"Vaccination: Fully vaccinated for COVID-19, Tetanus booster 2022-06-10. Diagnosed with mild anxiety disorder, counseling bi-weekly.","Ezxxrmzgrlm: Ufoob ezxxrmzgvw uli XLERW-19, Gvgzmfh yllhgvi 2022-06-10. Wrztmlhvw drgs nrow zmcrvgb wrhliwvi, xlfmhvormt yr-dvvpob."
Personal Privacy Data,Health Information,"Patient Name: Justin; Date of Birth: 1984-06-15; EMR ID: 16697101; Condition: Type 2 Diabetes; Treatment: Metformin 500mg; Surgery: Appendectomy, 2022-08-11.","Kzgrvmg Mznv: Qfhgrm; Wzgv lu Yrigs: 1984-06-15; VNI RW: 16697101; Xlmwrgrlm: Gbkv 2 Wrzyvgvh; Givzgnvmg: Nvgulinrm 500nt; Hfitvib: Zkkvmwvxglnb, 2022-08-11."
Personal Privacy Data,Health Information,"Medical Record Number: MR789504; Allergy: Penicillin, peanuts; reactions: anaphylactic shock.","Nvwrxzo Ivxliw Mfnyvi: NI789504; Zoovitb: Kvmrxroorm, kvzmfgh; ivzxgrlmh: zmzksbozxgrx hslxp."
Personal Privacy Data,Health Information,"Patient ID: 74823290-LA; Name: Jonathan Smith; DOB: 1975-06-10; Admission: 2023-07-15; Diagnosis: COPD Stage 2; Prescription: Albuterol, Spiriva; CT Scan: Emphysema.","Kzgrvmg RW: 74823290-OZ; Mznv: Qlmzgszm Hnrgs; WLY: 1975-06-10; Zwnrhhrlm: 2023-07-15; Wrztmlhrh: XLKW Hgztv 2; Kivhxirkgrlm: Zoyfgvilo, Hkrirez; XG Hxzm: Vnksbhvnz."
Personal Privacy Data,Education Data,"Jimmy, GPA: 3.71.","Qrnnb, TKZ: 3.71."
Personal Privacy Data,Education Data,Taylor was disciplined multiple times in middle school.,Gzboli dzh wrhxrkormvw nfogrkov grnvh rm nrwwov hxsllo.
Personal Privacy Data,Education Data,"Howard, ranked 11th.","Sldziw, izmpvw 11gs."
Personal Privacy Data,Education Data,"John Doe, Mathematics: Score: 90, Credits: 3.","Qlsm Wlv, Nzgsvnzgrxh: Hxliv: 90, Xivwrgh: 3."
Personal Privacy Data,Education Data,"Student ID: S1972705010; Math: Score: 87, GPA: 3.75.","Hgfwvmg RW: H1972705010; Nzgs: Hxliv: 87, TKZ: 3.75."
Personal Privacy Data,Education Data,"Emily R., Enrollment: 2020; Developmental Psychology: Score: 92, GPA: 3.8.","Vnrob I., Vmiloonvmg: 2020; Wvevolknvmgzo Khbxsloltb: Hxliv: 92, TKZ: 3.8."
Personal Privacy Data,Education Data,"Sarah Lee, Advanced Data Science, Spring 2024; Payment: $2000, Bank Transfer.","Hzizs Ovv, Zwezmxvw Wzgz Hxrvmxv, Hkirmt 2024; Kzbnvmg: $2000, Yzmp Gizmhuvi."
Personal Privacy Data,Education Data,"Sam, Subjects: Calculus (A), Biology (B+); GPA: 3.7, Ranking: Top 5%, Awards: Deans List (2023-06-10), Penalties: Late Submission (2023-09-15).","Hzn, Hfyqvxgh: Xzoxfofh (Z), Yrloltb (Y+); TKZ: 3.7, Izmprmt: Glk 5%, Zdziwh: Wvzmh Orhg (2023-06-10), Kvmzogrvh: Ozgv Hfynrhhrlm (2023-09-15)."
Personal Privacy Data,Education Data,"Student ID: EN2979017107, Electrical Engineering, GPA: 3.7, Deans List 2022-2023, Innovation Award 2024, Robotics Club President.","Hgfwvmg RW: VM2979017107, Vovxgirxzo Vmtrmvvirmt, TKZ: 3.7, Wvzmh Orhg 2022-2023, Rmmlezgrlm Zdziw 2024, Ilylgrxh Xofy Kivhrwvmg."
Personal Privacy Data,Education Data,"Jessica Brown, Bachelors in Biology, GPA: 3.9, Graduated 2023, Courses: Genetics, Microbiology, Ecology, Biochemistry.","Qvhhrxz Yildm, Yzxsvolih rm Yrloltb, TKZ: 3.9, Tizwfzgvw 2023, Xlfihvh: Tvmvgrxh, Nrxilyrloltb, Vxloltb, Yrlxsvnrhgib."
Personal Privacy Data,Education Data,"Student ID: EN2023XD8921, Computer Science, GPA: 3.8, Deans List 2021-2022, Outstanding Thesis Award 2023, Coding Club VP.","Hgfwvmg RW: VM2023CW8921, Xlnkfgvi Hxrvmxv, TKZ: 3.8, Wvzmh Orhg 2021-2022, Lfghgzmwrmt Gsvhrh Zdziw 2023, Xlwrmt Xofy EK."
Personal Privacy Data,Education Data,"Alex Smith, Bachelors in Computer Science, GPA: 3.85, Expected Graduation: 2024, Courses: Algorithms, Data Structures, Machine Learning.","Zovc Hnrgs, Yzxsvolih rm Xlnkfgvi Hxrvmxv, TKZ: 3.85, Vckvxgvw Tizwfzgrlm: 2024, Xlfihvh: Zotlirgsnh, Wzgz Hgifxgfivh, Nzxsrmv Ovzimrmt."
Personal Privacy Data,Education Data,"David Wilson, Masters in Data Science, GPA: 3.95, Expected Graduation: 2023, Courses: Big Data Analytics, Machine Learning, Data Visualization.","Wzerw Drohlm, Nzhgvih rm Wzgz Hxrvmxv, TKZ: 3.95, Vckvxgvw Tizwfzgrlm: 2023, Xlfihvh: Yrt Wzgz Zmzobgrxh, Nzxsrmv Ovzimrmt, Wzgz Erhfzorazgrlm."
Personal Privacy Data,Education Data,"Michael T., Business Administration, Financial Accounting: Score: 90, GPA: 3.7, Marketing: Score: 85, Ranking: 20th.","Nrxszvo G., Yfhrmvhh Zwnrmrhgizgrlm, Urmzmxrzo Zxxlfmgrmt: Hxliv: 90, TKZ: 3.7, Nzipvgrmt: Hxliv: 85, Izmprmt: 20gs."
Enterprise Sensitive Data,Business Information,Supplier ID: SUP12345; Name: Global Supplies Inc.,Hfkkorvi RW: HFK12345; Mznv: Tolyzo Hfkkorvh Rmx.
Enterprise Sensitive Data,Business Information,TechInnovate Corp is developing the EcoTech Widget.,GvxsRmmlezgv Xlik rh wvevolkrmt gsv VxlGvxs Drwtvg.
Enterprise Sensitive Data,Business Information,"Our company partners with over 50 exclusive suppliers, including Whittaker Elements Co. and Lumino-Tech Ltd.","Lfi xlnkzmb kzigmvih drgs levi 50 vcxofhrev hfkkorvih, rmxofwrmt Dsrggzpvi Vovnvmgh Xl. zmw Ofnrml-Gvxs Ogw."
Enterprise Sensitive Data,Business Information,2024-2028 Strategic Launch Plan: Growth targets segmented by vertical market.,2024-2028 Hgizgvtrx Ozfmxs Kozm: Tildgs gzitvgh hvtnvmgvw yb evigrxzo nzipvg.
Enterprise Sensitive Data,Business Information,SimLytics Ltd; Supplier Since: 2018; Agreement Renewal: 2024; Contact: suppliercontact@simlytics.com.,HrnObgrxh Ogw; Hfkkorvi Hrmxv: 2018; Ztivvnvmg Ivmvdzo: 2024; Xlmgzxg: hfkkorvixlmgzxg@hrnobgrxh.xln.
Enterprise Sensitive Data,Business Information,"Marketing Plan: Autumn Sale 2023, Target Region: North America, Budget: $200,000.","Nzipvgrmt Kozm: Zfgfnm Hzov 2023, Gzitvg Ivtrlm: Mligs Znvirxz, Yfwtvg: $200,000."
Enterprise Sensitive Data,Business Information,"Bidding proposal for Project Alpha: Quote: $1,275,000 across five phases.","Yrwwrmt kilklhzo uli Kilqvxg Zoksz: Jflgv: $1,275,000 zxilhh urev kszhvh."
Enterprise Sensitive Data,Business Information,"Supplier Information: 20 potential suppliers, enhancing negotiation power by 10%.","Hfkkorvi Rmulinzgrlm: 20 klgvmgrzo hfkkorvih, vmszmxrmt mvtlgrzgrlm kldvi yb 10%."
Enterprise Sensitive Data,Business Information,"Company XYZ: 18% sales increase, targets set for 25% growth next quarter.","Xlnkzmb CBA: 18% hzovh rmxivzhv, gzitvgh hvg uli 25% tildgs mvcg jfzigvi."
Enterprise Sensitive Data,Business Information,"Client: Global Solutions Inc., Bidding Document: Urban Infrastructure Revamp, Quote: $500,000.","Xorvmg: Tolyzo Hlofgrlmh Rmx., Yrwwrmt Wlxfnvmg: Fiyzm Rmuizhgifxgfiv Iveznk, Jflgv: $500,000."
Enterprise Sensitive Data,Business Information,"Supplier: Acme Corp, Agreement: $150,000, Start: 2023-01-01, End: 2025-12-31, Status: Active.","Hfkkorvi: Zxnv Xlik, Ztivvnvmg: $150,000, Hgzig: 2023-01-01, Vmw: 2025-12-31, Hgzgfh: Zxgrev."
Enterprise Sensitive Data,Business Information,"Company X Annual Strategic Plan: Expanding market share, strengthening collaboration with suppliers like ABC Supplies Co., joint ventures and bid proposals including $3.6m for Project YQ501_PR.","Xlnkzmb C Zmmfzo Hgizgvtrx Kozm: Vckzmwrmt nzipvg hsziv, hgivmtgsvmrmt xloozylizgrlm drgs hfkkorvih orpv ZYX Hfkkorvh Xl., qlrmg evmgfivh zmw yrw kilklhzoh rmxofwrmt $3.6n uli Kilqvxg BJ501_KI."
Enterprise Sensitive Data,Business Information,"Upcoming marketing strategy: Digital footprint expansion, influencer partnerships, budget: $5 million for the next quarter.","Fkxlnrmt nzipvgrmt hgizgvtb: Wrtrgzo ullgkirmg vckzmhrlm, rmuofvmxvi kzigmvihsrkh, yfwtvg: $5 nroorlm uli gsv mvcg jfzigvi."
Enterprise Sensitive Data,Business Information,"Confidential report: Corporation XYZ plans to enter Southeast Asia by Q3 2024, including workforce training and a $150 million bidding proposal for an infrastructure project.","Xlmurwvmgrzo ivklig: Xliklizgrlm CBA kozmh gl vmgvi Hlfgsvzhg Zhrz yb J3 2024, rmxofwrmt dlipulixv gizrmrmt zmw z $150 nroorlm yrwwrmt kilklhzo uli zm rmuizhgifxgfiv kilqvxg."
Enterprise Sensitive Data,Business Information,"Confidential report: Marketing strategies for the upcoming year, digital advertising investment, projected 25% brand visibility increase, 20% profit increase.","Xlmurwvmgrzo ivklig: Nzipvgrmt hgizgvtrvh uli gsv fkxlnrmt bvzi, wrtrgzo zwevigrhrmt rmevhgnvmg, kilqvxgvw 25% yizmw erhryrorgb rmxivzhv, 20% kilurg rmxivzhv."
Enterprise Sensitive Data,Intellectual Property,Application No. PAT-202310015648; Inventor: John A. Doe.,Zkkorxzgrlm Ml. KZG-202310015648; Rmevmgli: Qlsm Z. Wlv.
Enterprise Sensitive Data,Intellectual Property,"Patent information, internal technical documents, and copyright data.","Kzgvmg rmulinzgrlm, rmgvimzo gvxsmrxzo wlxfnvmgh, zmw xlkbirtsg wzgz."
Enterprise Sensitive Data,Intellectual Property,Product design plan for the high-efficiency solar panel prototype.,Kilwfxg wvhrtm kozm uli gsv srts-vuurxrvmxb hlozi kzmvo kilglgbkv.
Enterprise Sensitive Data,Intellectual Property,"Registered design for the digital interface aesthetic, Patent No. 2047-DI-29.","Ivtrhgvivw wvhrtm uli gsv wrtrgzo rmgviuzxv zvhgsvgrx, Kzgvmg Ml. 2047-WR-29."
Enterprise Sensitive Data,Intellectual Property,"Trademark: GlimpseTech, Registration No. 3589274, owned by Visionary Innovations LLC.","Gizwvnzip: TornkhvGvxs, Ivtrhgizgrlm Ml. 3589274, ldmvw yb Erhrlmzib Rmmlezgrlmh OOX."
Enterprise Sensitive Data,Intellectual Property,"Registrant contact: contact@vinnovations.com; Registration date: March 15, 2022.","Ivtrhgizmg xlmgzxg: xlmgzxg@ermmlezgrlmh.xln; Ivtrhgizgrlm wzgv: Nzixs 15, 2022."
Enterprise Sensitive Data,Intellectual Property,"Product test: AlphaV1 Load Test, Result: Pass, Minor latency observed.","Kilwfxg gvhg: ZokszE1 Olzw Gvhg, Ivhfog: Kzhh, Nrmli ozgvmxb lyhvievw."
Enterprise Sensitive Data,Intellectual Property,"Patent ID: US10203456B, Patent owner: TechNova Innovations, Filing date: July 15, 2021.","Kzgvmg RW: FH10203456Y, Kzgvmg ldmvi: GvxsMlez Rmmlezgrlmh, Urormt wzgv: Qfob 15, 2021."
Enterprise Sensitive Data,Intellectual Property,Algorithm ID: A148GH9 — Predictive Market Analysis — Proprietary algorithm by TechInnovate Corp.,Zotlirgsn RW: Z148TS9 — Kivwrxgrev Nzipvg Zmzobhrh — Kilkirvgzib zotlirgsn yb GvxsRmmlezgv Xlik.
Enterprise Sensitive Data,Intellectual Property,"IC790-2023-TR-NV, Confidential Manual for Quantum Processor QPR-X4, with schematics and protocols.","RX790-2023-GI-ME, Xlmurwvmgrzo Nzmfzo uli Jfzmgfn Kilxvhhli JKI-C4, drgs hxsvnzgrxh zmw kilglxloh."
Enterprise Sensitive Data,Intellectual Property,"Blueprints for widget design Version 2.0, including assembly instructions and UI layouts.","Yofvkirmgh uli drwtvg wvhrtm Evihrlm 2.0, rmxofwrmt zhhvnyob rmhgifxgrlmh zmw FR ozblfgh."
Enterprise Sensitive Data,Intellectual Property,"SynthePure Bio-Polymer production formula: SPB-256, polymer chain ratio 1.5:3.4:2.8, catalyst CX-47.","HbmgsvKfiv Yrl-Klobnvi kilwfxgrlm ulinfoz: HKY-256, klobnvi xszrm izgrl 1.5:3.4:2.8, xzgzobhg XC-47."
Enterprise Sensitive Data,Intellectual Property,"Patent-pending design specification PR2023_KURITY, Company Z, including batch performance analysis.","Kzgvmg-kvmwrmt wvhrtm hkvxrurxzgrlm KI2023_PFIRGB, Xlnkzmb A, rmxofwrmt yzgxs kviulinzmxv zmzobhrh."
Enterprise Sensitive Data,Intellectual Property,"Confidential product design plans for Quantum Widget 2.0, including prototype drawings and guidelines.","Xlmurwvmgrzo kilwfxg wvhrtm kozmh uli Jfzmgfn Drwtvg 2.0, rmxofwrmt kilglgbkv wizdrmth zmw tfrwvormvh."
Enterprise Sensitive Data,Intellectual Property,"Modular beam optics design, Prototype #SX2-481, operates with zero-margin error at 60 mph.","Nlwfozi yvzn lkgrxh wvhrtm, Kilglgbkv #HC2-481, lkvizgvh drgs avil-nzitrm viili zg 60 nks."
Enterprise Sensitive Data,Intellectual Property,"Patent No. US2023IP123456 - Smart Sensor System for Autonomous Vehicles, including algorithm synchronization details.","Kzgvmg Ml. FH2023RK123456 - Hnzig Hvmhli Hbhgvn uli Zfglmlnlfh Evsrxovh, rmxofwrmt zotlirgsn hbmxsilmrazgrlm wvgzroh."
Enterprise Sensitive Data,Intellectual Property,"Copyright registration for InnovateSoft, TX-345678-890, and EcoChair Design patent D908776.","Xlkbirtsg ivtrhgizgrlm uli RmmlezgvHlug, GC-345678-890, zmw VxlXszri Wvhrtm kzgvmg W908776."
Enterprise Sensitive Data,Employee Information,"Lucas, lucas@ucc.company.com","Ofxzh, ofxzh@fxx.xlnkzmb.xln"
Enterprise Sensitive Data,Employee Information,"Jane Doe, Department: Development","Qzmv Wlv, Wvkzignvmg: Wvevolknvmg"
Enterprise Sensitive Data,Employee Information,"Employee ID: WN-05721, Name: Jane Smith","Vnkolbvv RW: DM-05721, Mznv: Qzmv Hnrgs"
Enterprise Sensitive Data,Employee Information,Non-Disclosure Agreement: Signed on 2022-03-10,Mlm-Wrhxolhfiv Ztivvnvmg: Hrtmvw lm 2022-03-10
Enterprise Sensitive Data,Employee Information,"Tyler, Software Engineer, Research Department","Gbovi, Hlugdziv Vmtrmvvi, Ivhvzixs Wvkzignvmg"
Enterprise Sensitive Data,Employee Information,"Jordan Collins, Marketing Specialist, jordan.collins@demoenterprise.org","Qliwzm Xloormh, Nzipvgrmt Hkvxrzorhg, qliwzm.xloormh@wvnlvmgvikirhv.lit"
Enterprise Sensitive Data,Employee Information,"Employee ID: WN123456, Phone: +1-555-0123, Email: john.doe@companyemail.com","Vnkolbvv RW: DM123456, Kslmv: +1-555-0123, Vnzro: qlsm.wlv@xlnkzmbvnzro.xln"
Enterprise Sensitive Data,Employee Information,"Employee ID: 123, Salary: $90,000, Bonus: $5,000, Allowances: $2,000, Department: IT","Vnkolbvv RW: 123, Hzozib: $90,000, Ylmfh: $5,000, Zooldzmxvh: $2,000, Wvkzignvmg: RG"
Enterprise Sensitive Data,Employee Information,"Employee ID: EMP-12345, ID Card: XY123456789, Passport: P987654321","Vnkolbvv RW: VNK-12345, RW Xziw: CB123456789, Kzhhklig: K987654321"
Enterprise Sensitive Data,Employee Information,"Employee ID: 10023456, Employment Start: 2020-06-15, 4 years in Software Development","Vnkolbvv RW: 10023456, Vnkolbnvmg Hgzig: 2020-06-15, 4 bvzih rm Hlugdziv Wvevolknvmg"
Enterprise Sensitive Data,Employee Information,"Jackson, Employee ID: JD123456, Position: Software Engineer, Start Date: 2020-01-15, Location: New York Office","Qzxphlm, Vnkolbvv RW: QW123456, Klhrgrlm: Hlugdziv Vmtrmvvi, Hgzig Wzgv: 2020-01-15, Olxzgrlm: Mvd Blip Luurxv"
Enterprise Sensitive Data,Employee Information,"John Doe, Email: John.Doe@companyemail.com, Phone: +1-234-567-8901, Salary: $75,000, Bonus: $5,000, ID: 102934, Full-Time","Qlsm Wlv, Vnzro: Qlsm.Wlv@xlnkzmbvnzro.xln, Kslmv: +1-234-567-8901, Hzozib: $75,000, Ylmfh: $5,000, RW: 102934, Ufoo-Grnv"
Enterprise Sensitive Data,Employee Information,"Employee ID: EM-20230215, Name: Pinkman, Position: Senior Software Engineer, Department: IT & Development, Start Date: 2020-03-15, Phone: (555) 983-4810","Vnkolbvv RW: VN-20230215, Mznv: Krmpnzm, Klhrgrlm: Hvmrli Hlugdziv Vmtrmvvi, Wvkzignvmg: RG & Wvevolknvmg, Hgzig Wzgv: 2020-03-15, Kslmv: (555) 983-4810"
Enterprise Sensitive Data,Employee Information,"Lee, Software Engineer, Employed since 2015-06-01, 8 years experience, Phone: (555) 123-4567, Email: 183938201@gmail.com","Ovv, Hlugdziv Vmtrmvvi, Vnkolbvw hrmxv 2015-06-01, 8 bvzih vckvirvmxv, Kslmv: (555) 123-4567, Vnzro: 183938201@tnzro.xln"
Enterprise Sensitive Data,Employee Information,"John's Salary: $95,000/year, 10% annual bonus, Health Insurance, Retirement Plan, Remote Work Allowances","Qlsm'h Hzozib: $95,000/bvzi, 10% zmmfzo ylmfh, Svzogs Rmhfizmxv, Ivgrivnvmg Kozm, Ivnlgv Dlip Zooldzmxvh"
Enterprise Sensitive Data,Employee Information,"Employee Howard, ID: EA-6784, Senior Data Analyst, Department: Business Intelligence, Full-Time, Contract: 2023-01-15 to 2028-01-14, NDA Signed","Vnkolbvv Sldziw, RW: VZ-6784, Hvmrli Wzgz Zmzobhg, Wvkzignvmg: Yfhrmvhh Rmgvoortvmxv, Ufoo-Grnv, Xlmgizxg: 2023-01-15 gl 2028-01-14, MWZ Hrtmvw"
Enterprise Sensitive Data,Employee Information,John's Employee ID: E123456 at Corporation.com. HR records track career mobility and training progress post-session 102 (ID: ST-X2022-204).,Qlsm'h Vnkolbvv RW: V123456 zg Xliklizgrlm.xln. SI ivxliwh gizxp xzivvi nlyrorgb zmw gizrmrmt kiltivhh klhg-hvhhrlm 102 (RW: HG-C2022-204).
Enterprise Sensitive Data,Employee Information,"Hank, Senior Developer, IT Department, Salary: $95,000, Bonuses: $5,000, Allowances: $2,000 (Remote Work), Performance Rating: A, Full-time, Start Date: 2020-03-15, Last Promotion: 2021-08-10, Benefits: Health Insurance, Retirement 5%, Training: $1,500/year, Projects: Nexus, Zeta, Feedback: 4.5/5","Szmp, Hvmrli Wvevolkvi, RG Wvkzignvmg, Hzozib: $95,000, Ylmfhvh: $5,000, Zooldzmxvh: $2,000 (Ivnlgv Dlip), Kviulinzmxv Izgrmt: Z, Ufoo-grnv, Hgzig Wzgv: 2020-03-15, Ozhg Kilnlgrlm: 2021-08-10, Yvmvurgh: Svzogs Rmhfizmxv, Ivgrivnvmg 5%, Gizrmrmt: $1,500/bvzi, Kilqvxgh: Mvcfh, Avgz, Uvvwyzxp: 4.5/5"
Enterprise Sensitive Data,Employee Information,"Jack, Engineer, Research & Development, Performance Score: 87, Promoted to Team Lead in 2020, Senior Engineer in 2022, Salary: $120,000, Bonus: $5,000, Allowances: $3,000, Benefits: Health Coverage, 401(k), Stock Options, Employment Start: 2018-02-01, Last Review: 2023-06-15","Qzxp, Vmtrmvvi, Ivhvzixs & Wvevolknvmg, Kviulinzmxv Hxliv: 87, Kilnlgvw gl Gvzn Ovzw rm 2020, Hvmrli Vmtrmvvi rm 2022, Hzozib: $120,000, Ylmfh: $5,000, Zooldzmxvh: $3,000, Yvmvurgh: Svzogs Xleviztv, 401(p), Hglxp Lkgrlmh, Vnkolbnvmg Hgzig: 2018-02-01, Ozhg Ivervd: 2023-06-15"
Enterprise Sensitive Data,Employee Information,"Berk, Software Engineer, Employed since 2020-06-15, 5 years experience, Salary: $85,000, Bonus: $5,000, Allowances: Health Insurance, Travel, Pension Contributions, Previous Employers: TechCorp, Innovations Inc., Qualifications: BS in Computer Science, Certifications: Certified Cloud Practitioner, Pension Matching: 5%","Yvip, Hlugdziv Vmtrmvvi, Vnkolbvw hrmxv 2020-06-15, 5 bvzih vckvirvmxv, Hzozib: $85,000, Ylmfh: $5,000, Zooldzmxvh: Svzogs Rmhfizmxv, Gizevo, Kvmhrlm Xlmgiryfgrlmh, Kiverlfh Vnkolbvih: GvxsXlik, Rmmlezgrlmh Rmx., Jfzorurxzgrlmh: YH rm Xlnkfgvi Hxrvmxv, Xvigrurxzgrlmh: Xvigrurvw Xolfw Kizxgrgrlmvi, Kvmhrlm Nzgxsrmt: 5%"
Public Safety Data,Police Data,"Officer ID: P0618747, Name: Trevor","Luurxvi RW: K0618747, Mznv: Giveli"
Public Safety Data,Police Data,"Case Number: 2023-001, Type: Theft, Filing Date: 2022-03-21","Xzhv Mfnyvi: 2023-001, Gbkv: Gsvug, Urormt Wzgv: 2022-03-21"
Public Safety Data,Police Data,"Suspect: Edwin, ID: JD7894321, Case Number: 2023-CV-095","Hfhkvxg: Vwdrm, RW: QW7894321, Xzhv Mfnyvi: 2023-XE-095"
Public Safety Data,Police Data,"Officer ID: P20243719 Name: John, Position: Sergeant, Department: Homicide","Luurxvi RW: K20243719 Mznv: Qlsm, Klhrgrlm: Hvitvzmg, Wvkzignvmg: Slnrxrwv"
Public Safety Data,Police Data,"Suspect: Mason, Crime Time: 2023-08-12 14:30, Location: 123 Maple Street","Hfhkvxg: Nzhlm, Xirnv Grnv: 2023-08-12 14:30, Olxzgrlm: 123 Nzkov Hgivvg"
Public Safety Data,Police Data,"Investigation A12: Ongoing, Progress: 50%","Rmevhgrtzgrlm Z12: Lmtlrmt, Kiltivhh: 50%"
Public Safety Data,Police Data,"Officer ID: OFF12345, Name: Jane Smith, Position: Detective, Department: Theft Division","Luurxvi RW: LUU12345, Mznv: Qzmv Hnrgs, Klhrgrlm: Wvgvxgrev, Wvkzignvmg: Gsvug Wrerhrlm"
Public Safety Data,Police Data,"Incident: Burglary report filed by Jane Doe on 2023-03-05 at 14:35, Location: 123 Elm Street","Rmxrwvmg: Yfitozib ivklig urovw yb Qzmv Wlv lm 2023-03-05 zg 14:35, Olxzgrlm: 123 Von Hgivvg"
Public Safety Data,Police Data,"Officer: Lisa Grant, Sergeant, Downtown Precinct, Patrol Car: VG2301, Equipment: Radar Gun, Model: RGX501, Weapon: Taser X2","Luurxvi: Orhz Tizmg, Hvitvzmg, Wldmgldm Kivxrmxg, Kzgilo Xzi: ET2301, Vjfrknvmg: Izwzi Tfm, Nlwvo: ITC501, Dvzklm: Gzhvi C2"
Public Safety Data,Police Data,"Officer Smith confiscated handgun, Serial No: XYZ12345, from crime scene.","Luurxvi Hnrgs xlmurhxzgvw szmwtfm, Hvirzo Ml: CBA12345, uiln xirnv hxvmv."
Public Safety Data,Police Data,"Traffic Violation: Case V-2023-458260, Speeding, Date: 2023-06-14, Location: Main St & 5th Ave, Fine: $150, Points: 3","Gizuurx Erlozgrlm: Xzhv E-2023-458260, Hkvvwrmt, Wzgv: 2023-06-14, Olxzgrlm: Nzrm Hg & 5gs Zev, Urmv: $150, Klrmgh: 3"
Public Safety Data,Police Data,"Officer ID: P993047, Name: Hunter, Position: Detective Sergeant, Department: Criminal Investigations, Courses: Advanced Interrogation, Crime Scene Management, Test Scores: 92%, 88%","Luurxvi RW: K993047, Mznv: Sfmgvi, Klhrgrlm: Wvgvxgrev Hvitvzmg, Wvkzignvmg: Xirnrmzo Rmevhgrtzgrlmh, Xlfihvh: Zwezmxvw Rmgviiltzgrlm, Xirnv Hxvmv Nzmztvnvmg, Gvhg Hxlivh: 92%, 88%"
Public Safety Data,Police Data,"Case: CR20231025-SP74, Suspect: Hank, Age: 32, Crime: Burglary, Location: 123 Elm St, Time: 2023-10-25 03:15, Officer: Detective Anna Smith","Xzhv: XI20231025-HK74, Hfhkvxg: Szmp, Ztv: 32, Xirnv: Yfitozib, Olxzgrlm: 123 Von Hg, Grnv: 2023-10-25 03:15, Luurxvi: Wvgvxgrev Zmmz Hnrgs"
Public Safety Data,Police Data,"Case: 2023-PS-109481, Type: Theft, Filing Date: 2023-10-11, Suspect: John Doe, Crime Time: 2023-10-09 14:35, Location: 325 Elm Street, Arrest Time: 2023-10-11 16:45","Xzhv: 2023-KH-109481, Gbkv: Gsvug, Urormt Wzgv: 2023-10-11, Hfhkvxg: Qlsm Wlv, Xirnv Grnv: 2023-10-09 14:35, Olxzgrlm: 325 Von Hgivvg, Ziivhg Grnv: 2023-10-11 16:45"
Public Safety Data,Police Data,"Officer: Jane Smith, Patrol Officer, Theft Unit, Dispatch: Approach with caution, Vehicle: Patrol Car V4563, Equipment: Standard Gear","Luurxvi: Qzmv Hnrgs, Kzgilo Luurxvi, Gsvug Fmrg, Wrhkzgxs: Zkkilzxs drgs xzfgrlm, Evsrxov: Kzgilo Xzi E4563, Vjfrknvmg: Hgzmwziw Tvzi"
Public Safety Data,Police Data,"Suspect: Jonathan, Crime: Burglary, Time: 2022-03-12 14:30, Location: 123 Elm Street, Officer Smith observed suspicious activity near 5th Ave on 2022-03-13","Hfhkvxg: Qlmzgszm, Xirnv: Yfitozib, Grnv: 2022-03-12 14:30, Olxzgrlm: 123 Von Hgivvg, Luurxvi Hnrgs lyhvievw hfhkrxrlfh zxgrergb mvzi 5gs Zev lm 2022-03-13"
Public Safety Data,Police Data,"Vehicle ID: Vprimer786, Area: East Sector, Equipment: Taser used, Weapons: Glock 19, LED spotlight","Evsrxov RW: Ekirnvi786, Zivz: Vzhg Hvxgli, Vjfrknvmg: Gzhvi fhvw, Dvzklmh: Tolxp 19, OVW hklgortsg"
Public Safety Data,Police Data,"Unit 12, Sector 3, Marked Patrol Vehicle, Non-lethal weapons, Duty: 08:00 to 16:00, Date: 2023-07-08","Fmrg 12, Hvxgli 3, Nzipvw Kzgilo Evsrxov, Mlm-ovgszo dvzklmh, Wfgb: 08:00 gl 16:00, Wzgv: 2023-07-08"
Public Safety Data,Police Data,"Investigation Case: INV20230345, Results: Resolved, Suspect apprehended on 2023-10-10, Vehicles: Car-4123, Motorbike-29, Weapons: Pistol-X12, Officer: PN20237, Detective, Department: Homicide","Rmevhgrtzgrlm Xzhv: RME20230345, Ivhfogh: Ivhloevw, Hfhkvxg zkkivsvmwvw lm 2023-10-10, Evsrxovh: Xzi-4123, Nlgliyrpv-29, Dvzklmh: Krhglo-C12, Luurxvi: KM20237, Wvgvxgrev, Wvkzignvmg: Slnrxrwv"
Public Safety Data,Police Data,"Incident: 2023-03-12, 11:15 AM, Altercation at Central Park, Arrest: Jane Smith at 5th Ave & Main St, Transported to Holding Facility.","Rmxrwvmg: 2023-03-12, 11:15 ZN, Zogvixzgrlm zg Xvmgizo Kzip, Ziivhg: Qzmv Hnrgs zg 5gs Zev & Nzrm Hg, Gizmhkligvw gl Slowrmt Uzxrorgb."
Public Safety Data,Police Data,"Officer ID: 8923740, Name: Robin Pierce, Training: Advanced Tactical Training (92%), Cybercrime Investigation (87%), Assigned to Incident 3425A, Task: Patrol South District 2023-08-21, Equipment Check: Ensure functionality","Luurxvi RW: 8923740, Mznv: Ilyrm Krvixv, Gizrmrmt: Zwezmxvw Gzxgrxzo Gizrmrmt (92%), Xbyvixirnv Rmevhgrtzgrlm (87%), Zhhrtmvw gl Rmxrwvmg 3425Z, Gzhp: Kzgilo Hlfgs Wrhgirxg 2023-08-21, Vjfrknvmg Xsvxp: Vmhfiv ufmxgrlmzorgb"
Public Safety Data,National Security Data,"Individual ID: 8794238, Vehicle: TRK1012BC, Entry: North Border","Rmwrerwfzo RW: 8794238, Evsrxov: GIP1012YX, Vmgib: Mligs Yliwvi"
Public Safety Data,National Security Data,Threat Intelligence: Suspicious login attempts detected from multiple regions on enterprise system,Gsivzg Rmgvoortvmxv: Hfhkrxrlfh oltrm zggvnkgh wvgvxgvw uiln nfogrkov ivtrlmh lm vmgvikirhv hbhgvn
Public Safety Data,National Security Data,Encrypted communication records show a significant increase in exchanges among top-level officials,Vmxibkgvw xlnnfmrxzgrlm ivxliwh hsld z hrtmrurxzmg rmxivzhv rm vcxszmtvh znlmt glk-ovevo luurxrzoh
Public Safety Data,National Security Data,"Traveler ID: 302984652B, Name: Alex Smith, Nationality: Country X, Entry: Border A, Date: 2023-10-09, Vehicle: YTR2439","Gizevovi RW: 302984652Y, Mznv: Zovc Hnrgs, Mzgrlmzorgb: Xlfmgib C, Vmgib: Yliwvi Z, Wzgv: 2023-10-09, Evsrxov: BGI2439"
Public Safety Data,National Security Data,"Entry ID: ENTRY76543, Date: 2023-10-15, Name: John Doe, Nationality: Country Y, Vehicle: XYZ-1234, Purpose: Business","Vmgib RW: VMGIB76543, Wzgv: 2023-10-15, Mznv: Qlsm Wlv, Mzgrlmzorgb: Xlfmgib B, Evsrxov: CBA-1234, Kfiklhv: Yfhrmvhh"
Public Safety Data,National Security Data,"Affected Sectors: Energy Grid (35%), Defense Networks (28%), Financial Systems (22%), Transportation (15%) | Response Status: Alert Level: DELTA, Counter-measures: ACTIVE, System Integrity: 94%, Threat Containment: IN PROGRESS","Zuuvxgvw Hvxglih: Vmvitb Tirw (35%), Wvuvmhv Mvgdliph (28%), Urmzmxrzo Hbhgvnh (22%), Gizmhkligzgrlm (15%) | Ivhklmhv Hgzgfh: Zovig Ovevo: WVOGZ, Xlfmgvi-nvzhfivh: ZXGREV, Hbhgvn Rmgvtirgb: 94%, Gsivzg Xlmgzrmnvmg: RM KILTIVHH"
Public Safety Data,National Security Data,"Internal communication: Surge in encrypted message traffic on 2023-09-15, coordination among security teams","Rmgvimzo xlnnfmrxzgrlm: Hfitv rm vmxibkgvw nvhhztv gizuurx lm 2023-09-15, xlliwrmzgrlm znlmt hvxfirgb gvznh"
Public Safety Data,National Security Data,"Patrol Report: ID: PTRL6784, Date: 2023-02-12, Location: GridX45Y26, Observation: Unmanned Drone Activity, Action: Increased Vigilance","Kzgilo Ivklig: RW: KGIO6784, Wzgv: 2023-02-12, Olxzgrlm: TirwC45B26, Lyhviezgrlm: Fmnzmmvw Wilmv Zxgrergb, Zxgrlm: Rmxivzhvw Ertrozmxv"
Public Safety Data,National Security Data,"Entry/Exit: Entry ID: 34567, Exit ID: 98765, Vehicle: AB123CD, Name: John Doe, Nationality: Simuland, Entry: 2023-08-15, Exit: 2023-08-20","Vmgib/Vcrg: Vmgib RW: 34567, Vcrg RW: 98765, Evsrxov: ZY123XW, Mznv: Qlsm Wlv, Mzgrlmzorgb: Hrnfozmw, Vmgib: 2023-08-15, Vcrg: 2023-08-20"
Public Safety Data,National Security Data,"Troop Deployment: Military exercise concluded on 2023-09-15 with 10,000 personnel deployed across Alpha and Bravo zones","Gillk Wvkolbnvmg: Nrorgzib vcvixrhv xlmxofwvw lm 2023-09-15 drgs 10,000 kvihlmmvo wvkolbvw zxilhh Zoksz zmw Yizel almvh"
Public Safety Data,National Security Data,"Entry/Exit: Personnel 10234, Vehicle: A12345Z, Date: 2024-10-01, Location: JFK, Status: Approved, Nationality: Canadian, Purpose: Business","Vmgib/Vcrg: Kvihlmmvo 10234, Evsrxov: Z12345A, Wzgv: 2024-10-01, Olxzgrlm: QUP, Hgzgfh: Zkkilevw, Mzgrlmzorgb: Xzmzwrzm, Kfiklhv: Yfhrmvhh"
Public Safety Data,National Security Data,"Urgent Briefing: Surveillance teams report a spike in unauthorized access attempts on government servers, targeting critical infrastructures","Fitvmg Yirvurmt: Hfievroozmxv gvznh ivklig z hkrpv rm fmzfgsliravw zxxvhh zggvnkgh lm tlevimnvmg hvievih, gzitvgrmt xirgrxzo rmuizhgifxgfivh"
Public Safety Data,National Security Data,"On 2023-04-12, cyberattacks on government infrastructure originated from multiple foreign entities","Lm 2023-04-12, xbyvizggzxph lm tlevimnvmg rmuizhgifxgfiv lirtrmzgvw uiln nfogrkov ulivrtm vmgrgrvh"
Public Safety Data,National Security Data,"Military Deployment: Unit Alpha positioned in Sector B24 for tactical exercise, March 5-10, 2023","Nrorgzib Wvkolbnvmg: Fmrg Zoksz klhrgrlmvw rm Hvxgli Y24 uli gzxgrxzo vcvixrhv, Nzixs 5-10, 2023"
Public Safety Data,National Security Data,"Patrol Report: Sector 5, 2023-08-29, Suspicious activity near critical infrastructure. Investigation initiated, Alert issued","Kzgilo Ivklig: Hvxgli 5, 2023-08-29, Hfhkrxrlfh zxgrergb mvzi xirgrxzo rmuizhgifxgfiv. Rmevhgrtzgrlm rmrgrzgvw, Zovig rhhfvw"
Public Safety Data,National Security Data,"Border Surveillance: Device ID BMS-5423, Location: 34.0522 N, 118.2437 W, Time: 2023-10-12 03:00 UTC, Activity: Unidentified vehicle crossing, Alert: High","Yliwvi Hfievroozmxv: Wverxv RW YNH-5423, Olxzgrlm: 34.0522 M, 118.2437 D, Grnv: 2023-10-12 03:00 FGX, Zxgrergb: Fmrwvmgrurvw evsrxov xilhhrmt, Zovig: Srts"
Public Safety Data,National Security Data,"Unauthorized border crossing attempt by Lawrence, 2023-10-03, Vehicle: Ford F-150, Plate: ABC123, Registered to: Jane Smith, Cityville","Fmzfgsliravw yliwvi xilhhrmt zggvnkg yb Ozdivmxv, 2023-10-03, Evsrxov: Uliw U-150, Kozgv: ZYX123, Ivtrhgvivw gl: Qzmv Hnrgs, Xrgberoov"
Public Safety Data,National Security Data,"Border Crossing: 2023-01-15, 07:43 AM, Vehicle: Toyota Camry, Plate: ABC-123, Driver: John Smith, U.S. Citizen","Yliwvi Xilhhrmt: 2023-01-15, 07:43 ZN, Evsrxov: Glblgz Xznib, Kozgv: ZYX-123, Wirevi: Qlsm Hnrgs, F.H. Xrgravm"
Public Safety Data,National Security Data,"Cyber Event: SRV-2435, DDoS Attempt, Source: 983.14.74.24, Impact: Level 3, Countermeasure Activated, Status: Contained","Xbyvi Vevmg: HIE-2435, WWlH Zggvnkg, Hlfixv: 983.14.74.24, Rnkzxg: Ovevo 3, Xlfmgvinvzhfiv Zxgrezgvw, Hgzgfh: Xlmgzrmvw"
Public Safety Data,National Security Data,"Cybersecurity Incident: CRYB20231023-001, DDoS Attack, Source: 192.168.4.12, Target: Server 15.85.222.10, Status: Mitigated, No breach","Xbyvihvxfirgb Rmxrwvmg: XIBY20231023-001, WWlH Zggzxp, Hlfixv: 192.168.4.12, Gzitvg: Hvievi 15.85.222.10, Hgzgfh: Nrgrtzgvw, Ml yivzxs"
Public Safety Data,Military Data,"Latitudes: 35.6895 N, 51.3890 E, Location: Alpha Base Distribution","Ozgrgfwvh: 35.6895 M, 51.3890 V, Olxzgrlm: Zoksz Yzhv Wrhgiryfgrlm"
Public Safety Data,Military Data,"DeploymentID: A56TR34, TroopCount: 260, Operation: Blue Horizon","WvkolbnvmgRW: Z56GI34, GillkXlfmg: 260, Lkvizgrlm: Yofv Sliralm"
Public Safety Data,Military Data,"Satellite Coordinates: 37.4217° N, 122.1526° W, Alert Level: Orange","Hzgvoorgv Xlliwrmzgvh: 37.4217° M, 122.1526° D, Zovig Ovevo: Lizmtv"
Public Safety Data,Military Data,"Defense Location: 48.8566° N, 2.3522° E, Target Location: 34.0522° N, 118.2437° W","Wvuvmhv Olxzgrlm: 48.8566° M, 2.3522° V, Gzitvg Olxzgrlm: 34.0522° M, 118.2437° D"
Public Safety Data,Military Data,"Operation Delta: Secure Facility A, 34.0522° N, 118.2437° W, Duration: April 10-20, 2024","Lkvizgrlm Wvogz: Hvxfiv Uzxrorgb Z, 34.0522° M, 118.2437° D, Wfizgrlm: Zkiro 10-20, 2024"
Public Safety Data,Military Data,"Base: Beta Outpost, Status: Inactive, Personnel: 300, Coordinates: 48.8584° N, 2.2945° E","Yzhv: Yvgz Lfgklhg, Hgzgfh: Rmzxgrev, Kvihlmmvo: 300, Xlliwrmzgvh: 48.8584° M, 2.2945° V"
Public Safety Data,Military Data,"Target Location: Area 51, Operations: [Silent Night, Safe Haven]","Gzitvg Olxzgrlm: Zivz 51, Lkvizgrlmh: [Hrovmg Mrtsg, Hzuv Szevm]"
Public Safety Data,Military Data,"Base Alpha Location: 34.765° N, 77.345° W, Personnel: 1200, Security: Level 3","Yzhv Zoksz Olxzgrlm: 34.765° M, 77.345° D, Kvihlmmvo: 1200, Hvxfirgb: Ovevo 3"
Public Safety Data,Military Data,"Region: Alpha-7, Troops: 1500, Equipment: [Armored Vehicles, Artillery, Drones], Mission: Reconnaissance","Ivtrlm: Zoksz-7, Gillkh: 1500, Vjfrknvmg: [Zinlivw Evsrxovh, Zigroovib, Wilmvh], Nrhhrlm: Ivxlmmzrhhzmxv"
Public Safety Data,Military Data,"OperationCode: Alpha324, Location: 34.0522° N, 118.2437° W, Time: 2023-10-15T14:30:00Z, Priority: High","LkvizgrlmXlwv: Zoksz324, Olxzgrlm: 34.0522° M, 118.2437° D, Grnv: 2023-10-15G14:30:00A, Kirlirgb: Srts"
Public Safety Data,Military Data,"Operation Plans: OP-5423, Objective: Secure Border Zone A, Timeline: 2024-07-01 to 2024-07-15, Resources: 500 soldiers, 20 armored vehicles, 5 drones","Lkvizgrlm Kozmh: LK-5423, Lyqvxgrev: Hvxfiv Yliwvi Almv Z, Grnvormv: 2024-07-01 gl 2024-07-15, Ivhlfixvh: 500 hlowrvih, 20 zinlivw evsrxovh, 5 wilmvh"
Public Safety Data,Military Data,"Troop Deployment: 2023-OP-AEGIS, Contact Point: Tactical Ops HQ, Team: Alpha, Protocol: Zeta-5","Gillk Wvkolbnvmg: 2023-LK-ZVTRH, Xlmgzxg Klrmg: Gzxgrxzo Lkh SJ, Gvzn: Zoksz, Kilglxlo: Avgz-5"
Public Safety Data,Military Data,"Base Distribution: North Plains Base: 38.251° N, -85.754° W, East Valley Site: 34.091° N, -118.493° W","Yzhv Wrhgiryfgrlm: Mligs Kozrmh Yzhv: 38.251° M, -85.754° D, Vzhg Ezoovb Hrgv: 34.091° M, -118.493° D"
Public Safety Data,Military Data,"Troop Deployment: Operation Thunder Strike, 5th Infantry, Eastern Border, Start: 01/10/2024, Duration: 6 months","Gillk Wvkolbnvmg: Lkvizgrlm Gsfmwvi Hgirpv, 5gs Rmuzmgib, Vzhgvim Yliwvi, Hgzig: 01/10/2024, Wfizgrlm: 6 nlmgsh"
Public Safety Data,Military Data,"Base: Fort Apex, Coordinates: 34.2600° N, -118.7054° W, Defense: Armory Facility, Region: Western Sector, Operated By: 7th Div Battalion","Yzhv: Ulig Zkvc, Xlliwrmzgvh: 34.2600° M, -118.7054° D, Wvuvmhv: Zinlib Uzxrorgb, Ivtrlm: Dvhgvim Hvxgli, Lkvizgvw Yb: 7gs Wre Yzggzorlm"
Public Safety Data,Military Data,"Captain Jordan, Defense Location #A732, Military Supply Hub, Operating under classified protocols, Date: 2023-10-15","Xzkgzrm Qliwzm, Wvuvmhv Olxzgrlm #Z732, Nrorgzib Hfkkob Sfy, Lkvizgrmt fmwvi xozhhrurvw kilglxloh, Wzgv: 2023-10-15"
Public Safety Data,Military Data,"Target Location: Sector 12, Grid 45-78, Defense Location: Base Alpha-7, 25.473° N, 89.324° E, Troops: Unit Bravo, 300 personnel","Gzitvg Olxzgrlm: Hvxgli 12, Tirw 45-78, Wvuvmhv Olxzgrlm: Yzhv Zoksz-7, 25.473° M, 89.324° V, Gillkh: Fmrg Yizel, 300 kvihlmmvo"
Public Safety Data,Military Data,"BG732, Operation Blue Squadron, Exercises on 5 Nov 2023, Location: Southern Range, Clearance Required","YT732, Lkvizgrlm Yofv Hjfzwilm, Vcvixrhvh lm 5 Mle 2023, Olxzgrlm: Hlfgsvim Izmtv, Xovzizmxv Ivjfrivw"
Public Safety Data,Military Data,"Target: Sector 7G, Base Distribution: Alpha Base, 40.6892° N, 74.0445° W, Gamma Station: 51.1789° N, 1.8262° W","Gzitvg: Hvxgli 7T, Yzhv Wrhgiryfgrlm: Zoksz Yzhv, 40.6892° M, 74.0445° D, Tznnz Hgzgrlm: 51.1789° M, 1.8262° D"
Public Safety Data,Military Data,"Defense Works: Bunker, Coordinates: 29.4256, -98.4861, Watchtower: 34.0522, -118.2437, Target: Echo, 48.8566, 2.3522, Priority: High","Wvuvmhv Dliph: Yfmpvi, Xlliwrmzgvh: 29.4256, -98.4861, Dzgxsgldvi: 34.0522, -118.2437, Gzitvg: Vxsl, 48.8566, 2.3522, Kirlirgb: Srts"
Public Safety Data,Military Data,"Operation: Delta Force Tactics, 2023, Base Distribution: North Region (10 bases), South Region (15 bases), Drills: Live Fire Exercises, April 2023","Lkvizgrlm: Wvogz Ulixv Gzxgrxh, 2023, Yzhv Wrhgiryfgrlm: Mligs Ivtrlm (10 yzhvh), Hlfgs Ivtrlm (15 yzhvh), Wirooh: Orev Uriv Vcvixrhvh, Zkiro 2023"
Public Safety Data,Military Data,"Target Location: Sector Zeta, Base Distribution: Alpha Stronghold: 45.1234, -93.4567, Bravo Outpost: 48.5678, -100.2345, Operation: Iron Shield, Fortify Northern Borderline, Timeline: Q2 2024","Gzitvg Olxzgrlm: Hvxgli Avgz, Yzhv Wrhgiryfgrlm: Zoksz Hgilmtslow: 45.1234, -93.4567, Yizel Lfgklhg: 48.5678, -100.2345, Lkvizgrlm: Rilm Hsrvow, Uligrub Mligsvim Yliwviormv, Grnvormv: J2 2024"
Financial Confidential Data,Banking Information,Card Number: 9876 5432 1098 7654,Xziw Mfnyvi: 9876 5432 1098 7654
Financial Confidential Data,Banking Information,"Account Holder: Jack, Account Number: 41084717636711","Zxxlfmg Slowvi: Qzxp, Zxxlfmg Mfnyvi: 41084717636711"
Financial Confidential Data,Banking Information,"Payment Platform ID: X1234Z5678; Timestamp: 2023-10-15T09:35:27, Transaction Amount: $125.50","Kzbnvmg Kozgulin RW: C1234A5678; Grnvhgznk: 2023-10-15G09:35:27, Gizmhzxgrlm Znlfmg: $125.50"
Financial Confidential Data,Banking Information,"Account Number: 1397391712, Bank: SimBank, Card Number: 987654321098","Zxxlfmg Mfnyvi: 1397391712, Yzmp: HrnYzmp, Xziw Mfnyvi: 987654321098"
Financial Confidential Data,Banking Information,"YZ123456, Timestamp: 2023-10-15T14:30:00Z, Amount: $150.75, Payment for online subscription renewal.","BA123456, Grnvhgznk: 2023-10-15G14:30:00A, Znlfmg: $150.75, Kzbnvmg uli lmormv hfyhxirkgrlm ivmvdzo."
Financial Confidential Data,Banking Information,"Payment Platform ID: 09812345678; Timestamp: 2023-11-01 14:30:00; Amount: $450, Transaction Details: Online payment for mobile subscription services.","Kzbnvmg Kozgulin RW: 09812345678; Grnvhgznk: 2023-11-01 14:30:00; Znlfmg: $450, Gizmhzxgrlm Wvgzroh: Lmormv kzbnvmg uli nlyrov hfyhxirkgrlm hvierxvh."
Financial Confidential Data,Banking Information,SimulBank National - Card Number: 9876 5432 1098 7654,HrnfoYzmp Mzgrlmzo - Xziw Mfnyvi: 9876 5432 1098 7654
Financial Confidential Data,Banking Information,"Account Holder: John Doe; Account Number: 9769549291; Stock Investment: XYZ Corp, Purchase Price: $150.00 (100 Shares), Purchase Date: 2023-09-15.","Zxxlfmg Slowvi: Qlsm Wlv; Zxxlfmg Mfnyvi: 9769549291; Hglxp Rmevhgnvmg: CBA Xlik, Kfixszhv Kirxv: $150.00 (100 Hszivh), Kfixszhv Wzgv: 2023-09-15."
Financial Confidential Data,Banking Information,"Customer ID: 1001; Account Number: 4551020345709987; Investments: 500 Stocks @$152.38 each, 200 Bonds @$99.45 each, 300 Funds @$115.67 each.","Xfhglnvi RW: 1001; Zxxlfmg Mfnyvi: 4551020345709987; Rmevhgnvmgh: 500 Hglxph @$152.38 vzxs, 200 Ylmwh @$99.45 vzxs, 300 Ufmwh @$115.67 vzxs."
Financial Confidential Data,Banking Information,"Investment Type: Bonds, Transaction ID: TX7594PK352, Purchase Date: 2023-08-03, Maturity Date: 2025-08-03, Quantity: 50, Value Per Unit: $1000, Interest Rate: 5%.","Rmevhgnvmg Gbkv: Ylmwh, Gizmhzxgrlm RW: GC7594KP352, Kfixszhv Wzgv: 2023-08-03, Nzgfirgb Wzgv: 2025-08-03, Jfzmgrgb: 50, Ezofv Kvi Fmrg: $1000, Rmgvivhg Izgv: 5%."
Financial Confidential Data,Banking Information,"Account Number: 123456789, Bank: Fictional Bank, Card Number: 9293-0126-7786-6116, Loan Amount: $25,000, Interest Rate: 4.5%, Repayment Plan: 5 Years.","Zxxlfmg Mfnyvi: 123456789, Yzmp: Urxgrlmzo Yzmp, Xziw Mfnyvi: 9293-0126-7786-6116, Olzm Znlfmg: $25,000, Rmgvivhg Izgv: 4.5%, Ivkzbnvmg Kozm: 5 Bvzih."
Financial Confidential Data,Banking Information,"Lisa holds an account at Prosperity Bank (Account #847291365) with a credit card ending in 3367. She has taken out a loan of $32,500 at a 3.8% interest rate, which is scheduled to be repaid over a 4-year period.","Orhz slowh zm zxxlfmg zg Kilhkvirgb Yzmp (Zxxlfmg #847291365) drgs z xivwrg xziw vmwrmt rm 3367. Hsv szh gzpvm lfg z olzm lu $32,500 zg z 3.8% rmgvivhg izgv, dsrxs rh hxsvwfovw gl yv ivkzrw levi z 4-bvzi kvirlw."
Financial Confidential Data,Banking Information,"Loan Information: Amount: $50,000, Interest Rate: 3.5%, Repayment Plan: Monthly for 48 months; Investment: ABC Corp, 100 Shares at $125 USD each.","Olzm Rmulinzgrlm: Znlfmg: $50,000, Rmgvivhg Izgv: 3.5%, Ivkzbnvmg Kozm: Nlmgsob uli 48 nlmgsh; Rmevhgnvmg: ZYX Xlik, 100 Hszivh zg $125 FHW vzxs."
Financial Confidential Data,Banking Information,"Account Number: 987654321, Bank: National Bank, Card Number: 4567-XXXX-XXXX-6789, Loan Amount: $15,000, Interest Rate: 2.5%, Repayment Plan: 5-year fixed.","Zxxlfmg Mfnyvi: 987654321, Yzmp: Mzgrlmzo Yzmp, Xziw Mfnyvi: 4567-CCCC-CCCC-6789, Olzm Znlfmg: $15,000, Rmgvivhg Izgv: 2.5%, Ivkzbnvmg Kozm: 5-bvzi urcvw."
Financial Confidential Data,Banking Information,"Card Number: 6945432109876543, Payment Method: Virtual Credit Card, Payment Platform ID: ABC123XYZ, Timestamp: 2023-09-15 14:35, Amount: $250.00.","Xziw Mfnyvi: 6945432109876543, Kzbnvmg Nvgslw: Erigfzo Xivwrg Xziw, Kzbnvmg Kozgulin RW: ZYX123CBA, Grnvhgznk: 2023-09-15 14:35, Znlfmg: $250.00."
Financial Confidential Data,Banking Information,"Account Number: 412725364097, Bank: Bank Corp, Card Number: 9876-5432-1098-7654, Stock Investments: PossibleTech Inc. - 50 Shares, Fund Investments: Future Fund Co. - $1,500, Bond Investments: Safeguard Government Bonds - $2,000.","Zxxlfmg Mfnyvi: 412725364097, Yzmp: Yzmp Xlik, Xziw Mfnyvi: 9876-5432-1098-7654, Hglxp Rmevhgnvmgh: KlhhryovGvxs Rmx. - 50 Hszivh, Ufmw Rmevhgnvmgh: Ufgfiv Ufmw Xl. - $1,500, Ylmw Rmevhgnvmgh: Hzuvtfziw Tlevimnvmg Ylmwh - $2,000."
Financial Confidential Data,Banking Information,"Loan Amount: $50,000, Interest Rate: 5%, Repayment Plan: 5 years - Monthly Installments, Payment Method: Direct Transfer, Payment Platform ID: TRN11492974, Payment Time: 2023-09-15, Payment Amount: $1,000, Transaction Details: Monthly Loan Repayment, Account Number: 1234567890.","Olzm Znlfmg: $50,000, Rmgvivhg Izgv: 5%, Ivkzbnvmg Kozm: 5 bvzih - Nlmgsob Rmhgzoonvmgh, Kzbnvmg Nvgslw: Wrivxg Gizmhuvi, Kzbnvmg Kozgulin RW: GIM11492974, Kzbnvmg Grnv: 2023-09-15, Kzbnvmg Znlfmg: $1,000, Gizmhzxgrlm Wvgzroh: Nlmgsob Olzm Ivkzbnvmg, Zxxlfmg Mfnyvi: 1234567890."
Financial Confidential Data,Banking Information,"Account Number: 0987654321123456, Bank: Sample National Bank, Card Number: PT3930103725 Payment Method: Credit Card, Payment Platform ID: PLT20231029001, Transaction Time: 2023-10-29T14:35:00Z, Amount: $125.50, Transaction Details: Purchase at Store#529, Location: Presentsample City.","Zxxlfmg Mfnyvi: 0987654321123456, Yzmp: Hznkov Mzgrlmzo Yzmp, Xziw Mfnyvi: KG3930103725 Kzbnvmg Nvgslw: Xivwrg Xziw, Kzbnvmg Kozgulin RW: KOG20231029001, Gizmhzxgrlm Grnv: 2023-10-29G14:35:00A, Znlfmg: $125.50, Gizmhzxgrlm Wvgzroh: Kfixszhv zg Hgliv#529, Olxzgrlm: Kivhvmghznkov Xrgb."
Financial Confidential Data,Banking Information,"Loan Information: Amount: $25,500, Interest Rate: 3.4% APR, Repayment Plan: 60 monthly installments, Bank Account Information: Account Number: 095678, Bank: NY Bank, Card Number: 4567-0918-3177-1234.","Olzm Rmulinzgrlm: Znlfmg: $25,500, Rmgvivhg Izgv: 3.4% ZKI, Ivkzbnvmg Kozm: 60 nlmgsob rmhgzoonvmgh, Yzmp Zxxlfmg Rmulinzgrlm: Zxxlfmg Mfnyvi: 095678, Yzmp: MB Yzmp, Xziw Mfnyvi: 4567-0918-3177-1234."
Financial Confidential Data,Banking Information,"Name: John Doe; Bank: Fictional Savings Bank; Account Number: 361764117; Card Number: 1111-2222-3333-4444, Investments: $10,000 in stocks, $5,000 in bonds; Loan: $15,000 at 3.5% Interest for 5 years; Payment via Credit Card, Transaction ID: 546782173, Timestamp: 2023-10-21 14:45:12, Amount: $250.36, Description: Online purchase at RetailZoom.","Mznv: Qlsm Wlv; Yzmp: Urxgrlmzo Hzermth Yzmp; Zxxlfmg Mfnyvi: 361764117; Xziw Mfnyvi: 1111-2222-3333-4444, Rmevhgnvmgh: $10,000 rm hglxph, $5,000 rm ylmwh; Olzm: $15,000 zg 3.5% Rmgvivhg uli 5 bvzih; Kzbnvmg erz Xivwrg Xziw, Gizmhzxgrlm RW: 546782173, Grnvhgznk: 2023-10-21 14:45:12, Znlfmg: $250.36, Wvhxirkgrlm: Lmormv kfixszhv zg IvgzroAlln."
Financial Confidential Data,Banking Information,"Bank Account Information: Account Number: 100397370, Bank: ABC Bank, Card Number: 9876-5432-1098-7654, Loan Information: Amount: $15,000, Interest Rate: 5%, Repayment Plan: 24 months, Payment Information: Credit Card, Payment Platform ID: PLT52468ABC, Timestamp: 2023-11-01T15:32:00, Amount: $250, Transaction Details: Online purchase of electronics (Invoice #ELEC45012).","Yzmp Zxxlfmg Rmulinzgrlm: Zxxlfmg Mfnyvi: 100397370, Yzmp: ZYX Yzmp, Xziw Mfnyvi: 9876-5432-1098-7654, Olzm Rmulinzgrlm: Znlfmg: $15,000, Rmgvivhg Izgv: 5%, Ivkzbnvmg Kozm: 24 nlmgsh, Kzbnvmg Rmulinzgrlm: Xivwrg Xziw, Kzbnvmg Kozgulin RW: KOG52468ZYX, Grnvhgznk: 2023-11-01G15:32:00, Znlfmg: $250, Gizmhzxgrlm Wvgzroh: Lmormv kfixszhv lu vovxgilmrxh (Rmelrxv #VOVX45012)."
Financial Confidential Data,Banking Information,"Investment Records: ABC Corp Stock - 100 Shares, Value: $15,000, XYZ Growth Fund Investment: $50,000, QRS Municipal Bond - $25,000; Bank Account Information: Account Number: 9639379217, Bank: Example National Bank, Card Number: 9876-5432-1098-7654, Account Type: Savings, Current Balance: $12,500.50, Interest Rate: 0.5%.","Rmevhgnvmg Ivxliwh: ZYX Xlik Hglxp - 100 Hszivh, Ezofv: $15,000, CBA Tildgs Ufmw Rmevhgnvmg: $50,000, JIH Nfmrxrkzo Ylmw - $25,000; Yzmp Zxxlfmg Rmulinzgrlm: Zxxlfmg Mfnyvi: 9639379217, Yzmp: Vcznkov Mzgrlmzo Yzmp, Xziw Mfnyvi: 9876-5432-1098-7654, Zxxlfmg Gbkv: Hzermth, Xfiivmg Yzozmxv: $12,500.50, Rmgvivhg Izgv: 0.5%."
Financial Confidential Data,Banking Information,"Loan Information: Amount: $50,000, Interest Rate: 3.5%, Repayment Plan: Monthly for 5 years, Bank Account Information: Account Number: 24359832475389, Bank: Sample National Bank, Card Number: 4567-1234-5678-9012, Payment Information: Credit Card, Payment Platform ID: 783245907, Timestamp: 2023-09-15T14:38:00Z, Amount: $1,500, Transaction Details: Purchase of Computer (Invoice #789345), Investment Records: TechGrowth Inc. Stock - 30 Shares @$900 each, Global Sustainability Fund - $15,000, Government Bond 10Y - $20,000 (Interest Yield: 1.7%).","Olzm Rmulinzgrlm: Znlfmg: $50,000, Rmgvivhg Izgv: 3.5%, Ivkzbnvmg Kozm: Nlmgsob uli 5 bvzih, Yzmp Zxxlfmg Rmulinzgrlm: Zxxlfmg Mfnyvi: 24359832475389, Yzmp: Hznkov Mzgrlmzo Yzmp, Xziw Mfnyvi: 4567-1234-5678-9012, Kzbnvmg Rmulinzgrlm: Xivwrg Xziw, Kzbnvmg Kozgulin RW: 783245907, Grnvhgznk: 2023-09-15G14:38:00A, Znlfmg: $1,500, Gizmhzxgrlm Wvgzroh: Kfixszhv lu Xlnkfgvi (Rmelrxv #789345), Rmevhgnvmg Ivxliwh: GvxsTildgs Rmx. Hglxp - 30 Hszivh @$900 vzxs, Tolyzo Hfhgzrmzyrorgb Ufmw - $15,000, Tlevimnvmg Ylmw 10B - $20,000 (Rmgvivhg Brvow: 1.7%)."
Financial Confidential Data,Personal Income,"Salary Amount: $67,000, Pay Date: 2023-10-25","Hzozib Znlfmg: $67,000, Kzb Wzgv: 2023-10-25"
Financial Confidential Data,Personal Income,"Name: Alex Smith, Income: $73,250, Pay Date: 2023-09-28, Location: Seattle","Mznv: Zovc Hnrgs, Rmxlnv: $73,250, Kzb Wzgv: 2023-09-28, Olxzgrlm: Hvzggov"
Financial Confidential Data,Personal Income,"Pay Date: 2023-05-15, Income: $75,000, Currency: USD, Bonus: $5,000","Kzb Wzgv: 2023-05-15, Rmxlnv: $75,000, Xfiivmxb: FHW, Ylmfh: $5,000"
Financial Confidential Data,Personal Income,"Tax Number: 001-284-750, Tax Return Records: Filed for 2022 with a $3,200 refund","Gzc Mfnyvi: 001-284-750, Gzc Ivgfim Ivxliwh: Urovw uli 2022 drgs z $3,200 ivufmw"
Financial Confidential Data,Personal Income,"Tax Number: TXN-48970-1256, Tax Return Year: 2022, Declared Income: $152,350, Tax Refund: $3,200","Gzc Mfnyvi: GCM-48970-1256, Gzc Ivgfim Bvzi: 2022, Wvxozivw Rmxlnv: $152,350, Gzc Ivufmw: $3,200"
Financial Confidential Data,Personal Income,"Pay Date: 2023-05-15, Income: $70,000, Currency: USD, Bonus: Q1, Source: Consulting Services","Kzb Wzgv: 2023-05-15, Rmxlnv: $70,000, Xfiivmxb: FHW, Ylmfh: J1, Hlfixv: Xlmhfogrmt Hvierxvh"
Financial Confidential Data,Personal Income,"Name: Alex Smith, Income: $73,250, Pay Date: 2023-09-28, Currency: USD, Employment: Full-Time, Department: Engineering","Mznv: Zovc Hnrgs, Rmxlnv: $73,250, Kzb Wzgv: 2023-09-28, Xfiivmxb: FHW, Vnkolbnvmg: Ufoo-Grnv, Wvkzignvmg: Vmtrmvvirmt"
Financial Confidential Data,Personal Income,"Name: Alex Smith, Salary: $87,500, Pay Frequency: Biweekly, Position: Software Developer, Employee ID: EID-257846, Department: IT","Mznv: Zovc Hnrgs, Hzozib: $87,500, Kzb Uivjfvmxb: Yrdvvpob, Klhrgrlm: Hlugdziv Wvevolkvi, Vnkolbvv RW: VRW-257846, Wvkzignvmg: RG"
Financial Confidential Data,Personal Income,"Salary: $75,000, Tax Information: Tax Number: XX-1234-5678, Tax Return: 2022 Submitted","Hzozib: $75,000, Gzc Rmulinzgrlm: Gzc Mfnyvi: CC-1234-5678, Gzc Ivgfim: 2022 Hfynrggvw"
Financial Confidential Data,Personal Income,"Tax Number: TXN-10294XYZ, Tax Return: 2022 (Completed), Refund: $532.45, Salary: $7,585.90","Gzc Mfnyvi: GCM-10294CBA, Gzc Ivgfim: 2022 (Xlnkovgvw), Ivufmw: $532.45, Hzozib: $7,585.90"
Financial Confidential Data,Personal Income,"Tax Number: 123-45-6789, Tax Return: 2021 - Income: $75,000, Withheld: $15,000; 2022 - Income: $80,000, Withheld: $16,000, Salary: $5,000","Gzc Mfnyvi: 123-45-6789, Gzc Ivgfim: 2021 - Rmxlnv: $75,000, Drgssvow: $15,000; 2022 - Rmxlnv: $80,000, Drgssvow: $16,000, Hzozib: $5,000"
Financial Confidential Data,Personal Income,"Tax Number: TXN-8736-4382, Tax Return Records: [{Year: 2022, Income: $78,500, Tax Paid: $11,775}, {Year: 2023, Income: $80,000, Tax Paid: $12,000}]","Gzc Mfnyvi: GCM-8736-4382, Gzc Ivgfim Ivxliwh: [{Bvzi: 2022, Rmxlnv: $78,500, Gzc Kzrw: $11,775}, {Bvzi: 2023, Rmxlnv: $80,000, Gzc Kzrw: $12,000}]"
Financial Confidential Data,Personal Income,"Name: Alex Smith, Salary: $87,500, Year: 2022, Salary Breakdown: Base: $50,000, Bonus: $25,000, Allowances: $12,500, Tax Withheld: $15,000","Mznv: Zovc Hnrgs, Hzozib: $87,500, Bvzi: 2022, Hzozib Yivzpwldm: Yzhv: $50,000, Ylmfh: $25,000, Zooldzmxvh: $12,500, Gzc Drgssvow: $15,000"
Financial Confidential Data,Personal Income,"Tax Number: TXN-87392-43821, Tax Return Year: 2022, Income Declared: $152,350, Tax Refund: $3,200, Employer: AlphaTech Corp., Filing Status: Single","Gzc Mfnyvi: GCM-87392-43821, Gzc Ivgfim Bvzi: 2022, Rmxlnv Wvxozivw: $152,350, Gzc Ivufmw: $3,200, Vnkolbvi: ZokszGvxs Xlik., Urormt Hgzgfh: Hrmtov"
Financial Confidential Data,Personal Income,"Salary: $67,000, Pay Date: 2023-10-25, Tax Information: Tax Number: TXN897645321, Tax Return Records: [{Year: 2022, Refund: $4,500}, {Year: 2021, Refund: $5,100}]","Hzozib: $67,000, Kzb Wzgv: 2023-10-25, Gzc Rmulinzgrlm: Gzc Mfnyvi: GCM897645321, Gzc Ivgfim Ivxliwh: [{Bvzi: 2022, Ivufmw: $4,500}, {Bvzi: 2021, Ivufmw: $5,100}]"
Financial Confidential Data,Personal Income,"Salary: $78,000 USD, Tax Information: Tax Number: TAX098731257, Tax Return Records: [{Year: 2021, Amount: $12,000}, {Year: 2022, Amount: $13,500}], Pay Date: 2023-10-15","Hzozib: $78,000 FHW, Gzc Rmulinzgrlm: Gzc Mfnyvi: GZC098731257, Gzc Ivgfim Ivxliwh: [{Bvzi: 2021, Znlfmg: $12,000}, {Bvzi: 2022, Znlfmg: $13,500}], Kzb Wzgv: 2023-10-15"
Financial Confidential Data,Personal Income,"Pay Date: 2023-09-09, Tax Information: Tax Number: XY-123-456-789, Salary: $58,000","Kzb Wzgv: 2023-09-09, Gzc Rmulinzgrlm: Gzc Mfnyvi: CB-123-456-789, Hzozib: $58,000"
Financial Confidential Data,Personal Income,"Pay Date: 2024-12-30, Salary: $7,850.00 USD, Extra: {Currency: USD, Pay Frequency: Monthly, Source: Company Payroll}, Last Increment Date: 2023-04-01, Employee Pay Grade: Level 4","Kzb Wzgv: 2024-12-30, Hzozib: $7,850.00 FHW, Vcgiz: {Xfiivmxb: FHW, Kzb Uivjfvmxb: Nlmgsob, Hlfixv: Xlnkzmb Kzbiloo}, Ozhg Rmxivnvmg Wzgv: 2023-04-01, Vnkolbvv Kzb Tizwv: Ovevo 4"
Financial Confidential Data,Personal Income,"Pay Date: 2023-05-15, Tax Information: Tax Number: TXN123456789, Tax Return Records: [{Year: 2022, Status: Filed, Amount: $450}, {Year: 2021, Status: Filed, Amount: $375}], Annual Income: $75,000","Kzb Wzgv: 2023-05-15, Gzc Rmulinzgrlm: Gzc Mfnyvi: GCM123456789, Gzc Ivgfim Ivxliwh: [{Bvzi: 2022, Hgzgfh: Urovw, Znlfmg: $450}, {Bvzi: 2021, Hgzgfh: Urovw, Znlfmg: $375}], Zmmfzo Rmxlnv: $75,000"
Financial Confidential Data,Personal Income,"Individual ID: XI258963J, Tax Number: TX-78421A7, Annual Income: $95,200, Tax Return Records: [{Year: 2021, Refund: $350}, {Year: 2022, Refund: $220}], Pay Dates: [2023-02-25, 2023-03-25, 2023-04-25], Monthly Income: $7,933","Rmwrerwfzo RW: CR258963Q, Gzc Mfnyvi: GC-78421Z7, Zmmfzo Rmxlnv: $95,200, Gzc Ivgfim Ivxliwh: [{Bvzi: 2021, Ivufmw: $350}, {Bvzi: 2022, Ivufmw: $220}], Kzb Wzgvh: [2023-02-25, 2023-03-25, 2023-04-25], Nlmgsob Rmxlnv: $7,933"
Financial Confidential Data,Personal Income,"Individual ID: 302145, Salary: $87,260 USD, Tax Number: JZ098731257, Tax Year: 2022, Tax Paid: $18,564, Dependents: 3, Employment: Full-time, Employer: SRP Tech Solutions, Income Source: Annual Salary, Refund Status: Approved, Refund Amount: $1,320, Filing Method: Electronic, Filing Date: 03-April-2023, Tax Advisor: Barry Winslow CPA","Rmwrerwfzo RW: 302145, Hzozib: $87,260 FHW, Gzc Mfnyvi: QA098731257, Gzc Bvzi: 2022, Gzc Kzrw: $18,564, Wvkvmwvmgh: 3, Vnkolbnvmg: Ufoo-grnv, Vnkolbvi: HIK Gvxs Hlofgrlmh, Rmxlnv Hlfixv: Zmmfzo Hzozib, Ivufmw Hgzgfh: Zkkilevw, Ivufmw Znlfmg: $1,320, Urormt Nvgslw: Vovxgilmrx, Urormt Wzgv: 03-Zkiro-2023, Gzc Zwerhli: Yziib Drmhold XKZ"
Internet Records,Browsing Records,"User navigated the site, starting with the page titled 'Latest Tech Innovations'","Fhvi mzertzgvw gsv hrgv, hgzigrmt drgs gsv kztv grgovw 'Ozgvhg Gvxs Rmmlezgrlmh'"
Internet Records,Browsing Records,User123 visited the website at 09:12 AM and spent 7 minutes on the homepage.,Fhvi123 erhrgvw gsv dvyhrgv zg 09:12 ZN zmw hkvmg 7 nrmfgvh lm gsv slnvkztv.
Internet Records,Browsing Records,"Accessed URL: http://github.com/product/12345, Access Timestamp: 2023-10-21T14:32:15Z.","Zxxvhhvw FIO: sggk://trgsfy.xln/kilwfxg/12345, Zxxvhh Grnvhgznk: 2023-10-21G14:32:15A."
Internet Records,Browsing Records,"On June 5, 2023, David searched for 'best budget smartphones 2023' on a popular search engine.","Lm Qfmv 5, 2023, Wzerw hvzixsvw uli 'yvhg yfwtvg hnzigkslmvh 2023' lm z klkfozi hvzixs vmtrmv."
Internet Records,Browsing Records,User visited the webpage titled 'Latest Tech Innovations 2023' and spent approximately 7 minutes and 42 seconds exploring the content.,Fhvi erhrgvw gsv dvykztv grgovw 'Ozgvhg Gvxs Rmmlezgrlmh 2023' zmw hkvmg zkkilcrnzgvob 7 nrmfgvh zmw 42 hvxlmwh vckolirmt gsv xlmgvmg.
Internet Records,Browsing Records,"User Device Information: Operating System: Android 11, Device Model: Samsung Galaxy S20; Network Information: IP Address: 192.168.1.24","Fhvi Wverxv Rmulinzgrlm: Lkvizgrmt Hbhgvn: Zmwilrw 11, Wverxv Nlwvo: Hznhfmt Tzozcb H20; Mvgdlip Rmulinzgrlm: RK Zwwivhh: 192.168.1.24"
Internet Records,Browsing Records,"Webpage Title: 'Understanding Quantum Computing: Future of Technology and Science'; Search Keywords: 'quantum computing basics', 'how does quantum computing work', 'future technology trends'.","Dvykztv Grgov: 'Fmwvihgzmwrmt Jfzmgfn Xlnkfgrmt: Ufgfiv lu Gvxsmloltb zmw Hxrvmxv'; Hvzixs Pvbdliwh: 'jfzmgfn xlnkfgrmt yzhrxh', 'sld wlvh jfzmgfn xlnkfgrmt dlip', 'ufgfiv gvxsmloltb givmwh'."
Internet Records,Browsing Records,"Access Timestamps: 2023-10-21T14:32:05Z, 2023-10-21T14:34:12Z, 2023-10-21T15:05:30Z; Browsing Path: Homepage > Products > Electronics > Smartphones > Product Details > Reviews > Checkout Page.","Zxxvhh Grnvhgznkh: 2023-10-21G14:32:05A, 2023-10-21G14:34:12A, 2023-10-21G15:05:30A; Yildhrmt Kzgs: Slnvkztv > Kilwfxgh > Vovxgilmrxh > Hnzigkslmvh > Kilwfxg Wvgzroh > Ivervdh > Xsvxplfg Kztv."
Internet Records,Browsing Records,"User navigated to the 'Latest Gadget Reviews' webpage, engaging with various interactive elements. The user's mouse frequently hovered over embedded video content, showing interest in multimedia.","Fhvi mzertzgvw gl gsv 'Ozgvhg Tzwtvg Ivervdh' dvykztv, vmtztrmt drgs ezirlfh rmgvizxgrev vovnvmgh. Gsv fhvi'h nlfhv uivjfvmgob slevivw levi vnyvwwvw erwvl xlmgvmg, hsldrmt rmgvivhg rm nfogrnvwrz."
Internet Records,Browsing Records,"User device information: Operating System: TechOS v5.4, Device Model: GizmoMax Ultimate 2023; Browser: FastWeb Browser v15.2.1.","Fhvi wverxv rmulinzgrlm: Lkvizgrmt Hbhgvn: GvxsLH e5.4, Wverxv Nlwvo: TranlNzc Fogrnzgv 2023; Yildhvi: UzhgDvy Yildhvi e15.2.1."
Internet Records,Browsing Records,"User browsed an online shopping site starting at the homepage, hovering over the electronics category before clicking into it. They lingered on multiple product pages, scrolling and comparing specifications.","Fhvi yildhvw zm lmormv hslkkrmt hrgv hgzigrmt zg gsv slnvkztv, slevirmt levi gsv vovxgilmrxh xzgvtlib yvuliv xorxprmt rmgl rg. Gsvb ormtvivw lm nfogrkov kilwfxg kztvh, hxiloormt zmw xlnkzirmt hkvxrurxzgrlmh."
Internet Records,Browsing Records,"Geolocation: 37.7749° N, 122.4194° W (San Francisco, CA), Network Type: Wi-Fi; Accessed via an Apple iPhone, iOS 16, connected to an AT&T router, with consistent IP address, ensuring seamless browsing.","Tvlolxzgrlm: 37.7749° M, 122.4194° D (Hzm Uizmxrhxl, XZ), Mvgdlip Gbkv: Dr-Ur; Zxxvhhvw erz zm Zkkov rKslmv, rLH 16, xlmmvxgvw gl zm ZG&G ilfgvi, drgs xlmhrhgvmg RK zwwivhh, vmhfirmt hvznovhh yildhrmt."
Internet Records,Browsing Records,"Operating System: Android 10; Device Model: Samsung Galaxy S10; IP Address: 192.168.1.1; Geolocation: New York, USA (based on IP); Browser: Chrome 89.0; Screen Resolution: 1440x3040 pixels; Network: WiFi; Timestamp: 2023-10-15T14:23:00Z.","Lkvizgrmt Hbhgvn: Zmwilrw 10; Wverxv Nlwvo: Hznhfmt Tzozcb H10; RK Zwwivhh: 192.168.1.1; Tvlolxzgrlm: Mvd Blip, FHZ (yzhvw lm RK); Yildhvi: Xsilnv 89.0; Hxivvm Ivhlofgrlm: 1440c3040 krcvoh; Mvgdlip: DrUr; Grnvhgznk: 2023-10-15G14:23:00A."
Internet Records,Browsing Records,"User123, a registered guest, visited NewsToday.com on 15th October 2023. Over 45 minutes, they interacted with multiple pages including homepage, technology, and lifestyle sections. They clicked on 15 articles and hovered over headlines.","Fhvi123, z ivtrhgvivw tfvhg, erhrgvw MvdhGlwzb.xln lm 15gs Lxglyvi 2023. Levi 45 nrmfgvh, gsvb rmgvizxgvw drgs nfogrkov kztvh rmxofwrmt slnvkztv, gvxsmloltb, zmw oruvhgbov hvxgrlmh. Gsvb xorxpvw lm 15 zigrxovh zmw slevivw levi svzwormvh."
Internet Records,Browsing Records,"Accessed URL: https://mason.com; Page Interaction: User scrolled through the entire page, clicked on three product images, hovered over the Add to Cart button for 10 seconds, navigated to reviews section, and spent 5 minutes on the page.","Zxxvhhvw FIO: sggkh://nzhlm.xln; Kztv Rmgvizxgrlm: Fhvi hxiloovw gsilfts gsv vmgriv kztv, xorxpvw lm gsivv kilwfxg rnztvh, slevivw levi gsv Zww gl Xzig yfgglm uli 10 hvxlmwh, mzertzgvw gl ivervdh hvxgrlm, zmw hkvmg 5 nrmfgvh lm gsv kztv."
Internet Records,Browsing Records,"User 10234 spent 12 minutes on the webpage exploring articles on sustainable architecture, entering search keywords like 'eco-friendly building materials' and 'green urban planning,' indicating a growing interest in sustainable design.","Fhvi 10234 hkvmg 12 nrmfgvh lm gsv dvykztv vckolirmt zigrxovh lm hfhgzrmzyov zixsrgvxgfiv, vmgvirmt hvzixs pvbdliwh orpv 'vxl-uirvmwob yfrowrmt nzgvirzoh' zmw 'tivvm fiyzm kozmmrmt,' rmwrxzgrmt z tildrmt rmgvivhg rm hfhgzrmzyov wvhrtm."
Internet Records,Browsing Records,"User accessed a retail website on 2023-10-07T14:23:56, engaging in browsing behavior including clicking on four product links, spending 2 minutes per page, scrolling intermittently, and pausing on sections featuring customer reviews and product recommendations.","Fhvi zxxvhhvw z ivgzro dvyhrgv lm 2023-10-07G14:23:56, vmtztrmt rm yildhrmt yvszerli rmxofwrmt xorxprmt lm ulfi kilwfxg ormph, hkvmwrmt 2 nrmfgvh kvi kztv, hxiloormt rmgvinrggvmgob, zmw kzfhrmt lm hvxgrlmh uvzgfirmt xfhglnvi ivervdh zmw kilwfxg ivxlnnvmwzgrlmh."
Internet Records,Browsing Records,"User JohnDoe visited the 'Home Gardening Tips' page on April 12, 2023, at 10:32 AM, and again later that day at 07:45 PM, checking for updates. The page title reflects their interest in sustainable living and DIY projects.","Fhvi QlsmWlv erhrgvw gsv 'Slnv Tziwvmrmt Grkh' kztv lm Zkiro 12, 2023, zg 10:32 ZN, zmw ztzrm ozgvi gszg wzb zg 07:45 KN, xsvxprmt uli fkwzgvh. Gsv kztv grgov ivuovxgh gsvri rmgvivhg rm hfhgzrmzyov orermt zmw WRB kilqvxgh."
Internet Records,Browsing Records,"User session on 2023-10-20 at 14:00:34: Download Records: {File Name: project_details.docx, Download Time: 14:02:17, File Size: 2.5 MB}, {File Name: holiday_photos.zip, Download Time: 14:15:48, File Size: 50 MB}; Browser Cache: {Webpage: example.com/news, Cached Time: 14:10:05, Cache Size: 350 KB}, {Webpage: example.com/shop, Cached Time: 14:20:35, Cache Size: 120 KB}.","Fhvi hvhhrlm lm 2023-10-20 zg 14:00:34: Wldmolzw Ivxliwh: {Urov Mznv: kilqvxg_wvgzroh.wlxc, Wldmolzw Grnv: 14:02:17, Urov Hrav: 2.5 NY}, {Urov Mznv: slorwzb_kslglh.ark, Wldmolzw Grnv: 14:15:48, Urov Hrav: 50 NY}; Yildhvi Xzxsv: {Dvykztv: vcznkov.xln/mvdh, Xzxsvw Grnv: 14:10:05, Xzxsv Hrav: 350 PY}, {Dvykztv: vcznkov.xln/hslk, Xzxsvw Grnv: 14:20:35, Xzxsv Hrav: 120 PY}."
Internet Records,Browsing Records,"User ID: 123456; Date & Time: 2023-10-15 14:35:27; Browsing Path: Home > Products > Electronics > Laptops > Accessories > Checkout; Search Keywords: 'best laptop accessories 2023', 'buy affordable laptop charger', 'eco-friendly laptop case reviews'; Time Spent: 23 minutes; Device: Desktop; Browser: Chrome; Location: SLA City.","Fhvi RW: 123456; Wzgv & Grnv: 2023-10-15 14:35:27; Yildhrmt Kzgs: Slnv > Kilwfxgh > Vovxgilmrxh > Ozkglkh > Zxxvhhlirvh > Xsvxplfg; Hvzixs Pvbdliwh: 'yvhg ozkglk zxxvhhlirvh 2023', 'yfb zuuliwzyov ozkglk xszitvi', 'vxl-uirvmwob ozkglk xzhv ivervdh'; Grnv Hkvmg: 23 nrmfgvh; Wverxv: Wvhpglk; Yildhvi: Xsilnv; Olxzgrlm: HOZ Xrgb."
Internet Records,Browsing Records,"On October 12, 2023, at 02:45 PM, the user accessed a gardening tools website. They searched for 'best indoor plant care tips,' 'eco-friendly fertilizers,' and 'balcony garden ideas,' adding several items to their wishlist, indicating purchase intent for sustainable gardening products.","Lm Lxglyvi 12, 2023, zg 02:45 KN, gsv fhvi zxxvhhvw z tziwvmrmt glloh dvyhrgv. Gsvb hvzixsvw uli 'yvhg rmwlli kozmg xziv grkh,' 'vxl-uirvmwob uvigroravih,' zmw 'yzoxlmb tziwvm rwvzh,' zwwrmt hvevizo rgvnh gl gsvri drhsorhg, rmwrxzgrmt kfixszhv rmgvmg uli hfhgzrmzyov tziwvmrmt kilwfxgh."
Internet Records,Browsing Records,"User accessed the page www.misccc.com/article at 2023-11-01T08:34:22Z, spending 5 minutes and 23 seconds engaging with multiple hyperlinks before exiting to a related topic page. They returned at 2023-11-01T09:12:47Z, reading a blog post for 12 minutes and 45 seconds, interacting with several ads, indicating high user engagement.","Fhvi zxxvhhvw gsv kztv ddd.nrhxxx.xln/zigrxov zg 2023-11-01G08:34:22A, hkvmwrmt 5 nrmfgvh zmw 23 hvxlmwh vmtztrmt drgs nfogrkov sbkviormph yvuliv vcrgrmt gl z ivozgvw glkrx kztv. Gsvb ivgfimvw zg 2023-11-01G09:12:47A, ivzwrmt z yolt klhg uli 12 nrmfgvh zmw 45 hvxlmwh, rmgvizxgrmt drgs hvevizo zwh, rmwrxzgrmt srts fhvi vmtztvnvmg."
Internet Records,Cookie Data,"user_id: usr456def, session_id: sess101112.","fhvi_rw: fhi456wvu, hvhhrlm_rw: hvhh101112."
Internet Records,Cookie Data,"usr_38917, Session ID: sess_473829, Last Access Time: 2023-10-24T14:37:23Z.","fhi_38917, Hvhhrlm RW: hvhh_473829, Ozhg Zxxvhh Grnv: 2023-10-24G14:37:23A."
Internet Records,Cookie Data,User-A12345 added a digital camera to their shopping cart on an e-commerce platform.,Fhvi-Z12345 zwwvw z wrtrgzo xznviz gl gsvri hslkkrmt xzig lm zm v-xlnnvixv kozgulin.
Internet Records,Cookie Data,"TrackingID=xyz123; BehavioralData=[{page:/home, timeSpent:120}, {page:/products, category:electronics, interaction:click, timeSpent:45}]; AdTargetingSegments=[tech enthusiasts, online shoppers].","GizxprmtRW=cba123; YvszerlizoWzgz=[{kztv:/slnv, grnvHkvmg:120}, {kztv:/kilwfxgh, xzgvtlib:vovxgilmrxh, rmgvizxgrlm:xorxp, grnvHkvmg:45}]; ZwGzitvgrmtHvtnvmgh=[gvxs vmgsfhrzhgh, lmormv hslkkvih]."
Internet Records,Cookie Data,"Persistent Cookie: [session-id: XYZ123456789, expires: 2024-10-10, domain: education.com].","Kvihrhgvmg Xllprv: [hvhhrlm-rw: CBA123456789, vckrivh: 2024-10-10, wlnzrm: vwfxzgrlm.xln]."
Internet Records,Cookie Data,"CookieID12345 maintains login status for UserID98765 on www.business.com, facilitating seamless access. Analytics tracks UserID98765's engagement, documenting 500 page views and a click-through rate of 4.5% across the session.","XllprvRW12345 nzrmgzrmh oltrm hgzgfh uli FhviRW98765 lm ddd.yfhrmvhh.xln, uzxrorgzgrmt hvznovhh zxxvhh. Zmzobgrxh gizxph FhviRW98765'h vmtztvnvmg, wlxfnvmgrmt 500 kztv ervdh zmw z xorxp-gsilfts izgv lu 4.5% zxilhh gsv hvhhrlm."
Internet Records,Cookie Data,"{cookie_id: abc123xyz, user_id: user789, session_id: sess456, login_status: logged_in, timestamp: 2023-11-16T09:15:00Z, preferences: {theme: dark, language: en}, visit_count: 3, login_credentials: {username: SAM, auth_token: token12345abc}}.","{xllprv_rw: zyx123cba, fhvi_rw: fhvi789, hvhhrlm_rw: hvhh456, oltrm_hgzgfh: olttvw_rm, grnvhgznk: 2023-11-16G09:15:00A, kivuvivmxvh: {gsvnv: wzip, ozmtfztv: vm}, erhrg_xlfmg: 3, oltrm_xivwvmgrzoh: {fhvimznv: HZN, zfgs_glpvm: glpvm12345zyx}}."
Internet Records,Cookie Data,"In a recent simulation of internet usage, the browser activity of a user included several types of cookies, highlighting privacy dynamics on modern web platforms. Among them were third-party cookies, set by analytics services, and secure cookies from financial websites.","Rm z ivxvmg hrnfozgrlm lu rmgvimvg fhztv, gsv yildhvi zxgrergb lu z fhvi rmxofwvw hvevizo gbkvh lu xllprvh, srtsortsgrmt kirezxb wbmznrxh lm nlwvim dvy kozgulinh. Znlmt gsvn dviv gsriw-kzigb xllprvh, hvg yb zmzobgrxh hvierxvh, zmw hvxfiv xllprvh uiln urmzmxrzo dvyhrgvh."
Internet Records,Cookie Data,"User's shopping cart contains 3 items: Bluetooth Headphones, Wireless Mouse, and Smartphone Case. Total basket value: $125.98. Items added on 2023-10-08 at 14:45. Cookie data encrypted using AES-256 encryption. Encrypted status: Enabled. Session ID: 76a09b1452f9ac3e2173e484.","Fhvi'h hslkkrmt xzig xlmgzrmh 3 rgvnh: Yofvgllgs Svzwkslmvh, Drivovhh Nlfhv, zmw Hnzigkslmv Xzhv. Glgzo yzhpvg ezofv: $125.98. Rgvnh zwwvw lm 2023-10-08 zg 14:45. Xllprv wzgz vmxibkgvw fhrmt ZVH-256 vmxibkgrlm. Vmxibkgvw hgzgfh: Vmzyovw. Hvhhrlm RW: 76z09y1452u9zx3v2173v484."
Internet Records,Cookie Data,"User 234 has a shopping cart with items: a blue cotton t-shirt (medium size, $20) and a pair of black running shoes (size 9, $50). Total: $70. Last login: 2023-10-14, using email: lab.wj@email.com, no password saved. Session was active for 45 minutes, updated on 2023-10-15.","Fhvi 234 szh z hslkkrmt xzig drgs rgvnh: z yofv xlgglm g-hsrig (nvwrfn hrav, $20) zmw z kzri lu yozxp ifmmrmt hslvh (hrav 9, $50). Glgzo: $70. Ozhg oltrm: 2023-10-14, fhrmt vnzro: ozy.dq@vnzro.xln, ml kzhhdliw hzevw. Hvhhrlm dzh zxgrev uli 45 nrmfgvh, fkwzgvw lm 2023-10-15."
Internet Records,Cookie Data,"Cookie ID: C123XYZ456; User ID: U789ABC321; Language Preference: English; Theme Color: Dark; Last Visit: 2023-09-28; Ad Interests: {Technology, Travel, Fashion}; Click Behavior: {Ad123: 2 clicks, Ad456: 5 clicks, Ad789: 1 click}; Purchase History: {ItemA: $50, ItemB: $30}; Session Duration: 25 minutes; Location: San Francisco, Mobile Device; Analytics Timestamp: 2023-09-28T14:23:06Z; IP Anonymized: 192.0.2.1; Consent Given: True.","Xllprv RW: X123CBA456; Fhvi RW: F789ZYX321; Ozmtfztv Kivuvivmxv: Vmtorhs; Gsvnv Xloli: Wzip; Ozhg Erhrg: 2023-09-28; Zw Rmgvivhgh: {Gvxsmloltb, Gizevo, Uzhsrlm}; Xorxp Yvszerli: {Zw123: 2 xorxph, Zw456: 5 xorxph, Zw789: 1 xorxp}; Kfixszhv Srhglib: {RgvnZ: $50, RgvnY: $30}; Hvhhrlm Wfizgrlm: 25 nrmfgvh; Olxzgrlm: Hzm Uizmxrhxl, Nlyrov Wverxv; Zmzobgrxh Grnvhgznk: 2023-09-28G14:23:06A; RK Zmlmbnravw: 192.0.2.1; Xlmhvmg Trevm: Gifv."
Internet Records,User Preferences,"User ID: U234567890, Preferred Video Genres: Drama, Crime.","Fhvi RW: F234567890, Kivuviivw Erwvl Tvmivh: Wiznz, Xirnv."
Internet Records,User Preferences,User: John; Active Time Periods: 12:00-14:00 and 18:00-21:00.,Fhvi: Qlsm; Zxgrev Grnv Kvirlwh: 12:00-14:00 zmw 18:00-21:00.
Internet Records,User Preferences,User George frequently purchases beauty products and home decor items.,Fhvi Tvlitv uivjfvmgob kfixszhvh yvzfgb kilwfxgh zmw slnv wvxli rgvnh.
Internet Records,User Preferences,User B prefers German as their primary language with a fallback to English.,Fhvi Y kivuvih Tvinzm zh gsvri kirnzib ozmtfztv drgs z uzooyzxp gl Vmtorhs.
Internet Records,User Preferences,User A prefers English as their primary language with a fallback option to Spanish.,Fhvi Z kivuvih Vmtorhs zh gsvri kirnzib ozmtfztv drgs z uzooyzxp lkgrlm gl Hkzmrhs.
Internet Records,User Preferences,"User ID: 67890; Preferred Video Genres: Comedy, Thriller; Article Topics: Career Development.","Fhvi RW: 67890; Kivuviivw Erwvl Tvmivh: Xlnvwb, Gsiroovi; Zigrxov Glkrxh: Xzivvi Wvevolknvmg."
Internet Records,User Preferences,"User ID: U345678901, Device Usage Habits: Primarily uses a tablet for social media browsing in the evenings.","Fhvi RW: F345678901, Wverxv Fhztv Szyrgh: Kirnzirob fhvh z gzyovg uli hlxrzo nvwrz yildhrmt rm gsv vevmrmth."
Internet Records,User Preferences,"User ID: U101, Device Usage Habits: Frequently accesses social media platforms via smartphone during evening hours.","Fhvi RW: F101, Wverxv Fhztv Szyrgh: Uivjfvmgob zxxvhhvh hlxrzo nvwrz kozgulinh erz hnzigkslmv wfirmt vevmrmt slfih."
Internet Records,User Preferences,"User activity peaks between 6 AM and 8 AM on weekdays, primarily using smartphones. On weekends, usage shifts to laptops, with activity concentrated between 10 AM and 4 PM.","Fhvi zxgrergb kvzph yvgdvvm 6 ZN zmw 8 ZN lm dvvpwzbh, kirnzirob fhrmt hnzigkslmvh. Lm dvvpvmwh, fhztv hsrugh gl ozkglkh, drgs zxgrergb xlmxvmgizgvw yvgdvvm 10 ZN zmw 4 KN."
Internet Records,User Preferences,"The simulation of privacy data in the Internet Records domain, specifically within the User Preferences subdomain focusing on Behavioral Habits, reveals intriguing patterns.","Gsv hrnfozgrlm lu kirezxb wzgz rm gsv Rmgvimvg Ivxliwh wlnzrm, hkvxrurxzoob drgsrm gsv Fhvi Kivuvivmxvh hfywlnzrm ulxfhrmt lm Yvszerlizo Szyrgh, ivevzoh rmgirtfrmt kzggvimh."
Internet Records,User Preferences,"User A logs in daily, spending 1 hour on social media. They read 8 articles daily, focusing on health and wellness, and interact by liking 5 posts and commenting twice per day.","Fhvi Z olth rm wzrob, hkvmwrmt 1 slfi lm hlxrzo nvwrz. Gsvb ivzw 8 zigrxovh wzrob, ulxfhrmt lm svzogs zmw dvoomvhh, zmw rmgvizxg yb orprmt 5 klhgh zmw xlnnvmgrmt gdrxv kvi wzb."
Internet Records,User Preferences,"User ID: U987654321, Timestamp: 2023-11-05T14:30:45Z, Interest Categories: Travel, Food, Photography, Recent Ad Clicks: [Travel Deals, Gourmet Recipes, Camera Accessories], Action Taken: Click-through.","Fhvi RW: F987654321, Grnvhgznk: 2023-11-05G14:30:45A, Rmgvivhg Xzgvtlirvh: Gizevo, Ullw, Kslgltizksb, Ivxvmg Zw Xorxph: [Gizevo Wvzoh, Tlfinvg Ivxrkvh, Xznviz Zxxvhhlirvh], Zxgrlm Gzpvm: Xorxp-gsilfts."
Internet Records,User Preferences,"User456 prefers a light theme with a small font size for a minimalist interface. Privacy settings are strict, with all cookies and tracking disabled. These preferences are consistent across all devices.","Fhvi456 kivuvih z ortsg gsvnv drgs z hnzoo ulmg hrav uli z nrmrnzorhg rmgviuzxv. Kirezxb hvggrmth ziv hgirxg, drgs zoo xllprvh zmw gizxprmt wrhzyovw. Gsvhv kivuvivmxvh ziv xlmhrhgvmg zxilhh zoo wverxvh."
Internet Records,User Preferences,"Notification Preferences: User prefers push notifications for breaking news and weather updates. Privacy Preferences: Cookies are enabled for essential functions only, and tracking is limited to anonymized data.","Mlgrurxzgrlm Kivuvivmxvh: Fhvi kivuvih kfhs mlgrurxzgrlmh uli yivzprmt mvdh zmw dvzgsvi fkwzgvh. Kirezxb Kivuvivmxvh: Xllprvh ziv vmzyovw uli vhhvmgrzo ufmxgrlmh lmob, zmw gizxprmt rh ornrgvw gl zmlmbnravw wzgz."
Internet Records,User Preferences,"Notification Preferences: User prefers push notifications for updates related only to subscribed topics such as technology and health. Privacy Preferences: Cookies are disabled, and tracking is not allowed for enhanced privacy.","Mlgrurxzgrlm Kivuvivmxvh: Fhvi kivuvih kfhs mlgrurxzgrlmh uli fkwzgvh ivozgvw lmob gl hfyhxiryvw glkrxh hfxs zh gvxsmloltb zmw svzogs. Kirezxb Kivuvivmxvh: Xllprvh ziv wrhzyovw, zmw gizxprmt rh mlg zooldvw uli vmszmxvw kirezxb."
Internet Records,User Preferences,"User123 favors dark mode for a sleeker interface appearance and selects a larger font size for readability. Privacy settings are bolstered by disallowing cookies and declining any form of tracking, ensuring maximum personal data protection.","Fhvi123 uzelih wzip nlwv uli z hovvpvi rmgviuzxv zkkvzizmxv zmw hvovxgh z ozitvi ulmg hrav uli ivzwzyrorgb. Kirezxb hvggrmth ziv ylohgvivw yb wrhzooldrmt xllprvh zmw wvxormrmt zmb ulin lu gizxprmt, vmhfirmt nzcrnfn kvihlmzo wzgz kilgvxgrlm."
Internet Records,User Preferences,"User: Emma; Active Time Periods: 08:00-10:00 and 20:00-23:00; Content Consumption Habits: Reads an average of 10 articles daily, with a preference for technology and health topics, and watches videos for approximately 2 hours, mainly focusing on educational content.","Fhvi: Vnnz; Zxgrev Grnv Kvirlwh: 08:00-10:00 zmw 20:00-23:00; Xlmgvmg Xlmhfnkgrlm Szyrgh: Ivzwh zm zeviztv lu 10 zigrxovh wzrob, drgs z kivuvivmxv uli gvxsmloltb zmw svzogs glkrxh, zmw dzgxsvh erwvlh uli zkkilcrnzgvob 2 slfih, nzrmob ulxfhrmt lm vwfxzgrlmzo xlmgvmg."
Internet Records,User Preferences,"User X logged in daily, averaging 2 hours of social media consumption. Their daily reading volume is about 15 articles, with session durations averaging 5 minutes per article. User X interacts frequently, with an average of 10 likes, 5 comments, and 2 shares per day.","Fhvi C olttvw rm wzrob, zeviztrmt 2 slfih lu hlxrzo nvwrz xlmhfnkgrlm. Gsvri wzrob ivzwrmt elofnv rh zylfg 15 zigrxovh, drgs hvhhrlm wfizgrlmh zeviztrmt 5 nrmfgvh kvi zigrxov. Fhvi C rmgvizxgh uivjfvmgob, drgs zm zeviztv lu 10 orpvh, 5 xlnnvmgh, zmw 2 hszivh kvi wzb."
Internet Records,User Preferences,"Interest Categories: Technology, Entertainment, Sports; Shopping Preferences: Electronics, Footwear, Books; User Data Summary: This user displays a marked preference for technology-related content, frequently browsing and engaging with articles, videos, and forums centered around new tech releases and software reviews.","Rmgvivhg Xzgvtlirvh: Gvxsmloltb, Vmgvigzrmnvmg, Hkligh; Hslkkrmt Kivuvivmxvh: Vovxgilmrxh, Ullgdvzi, Yllph; Fhvi Wzgz Hfnnzib: Gsrh fhvi wrhkozbh z nzipvw kivuvivmxv uli gvxsmloltb-ivozgvw xlmgvmg, uivjfvmgob yildhrmt zmw vmtztrmt drgs zigrxovh, erwvlh, zmw ulifnh xvmgvivw zilfmw mvd gvxs ivovzhvh zmw hlugdziv ivervdh."
Internet Records,User Preferences,"User X has demonstrated a variety of interest preferences within the Internet Records domain, particularly under the User Preferences subdomain. The interest categories captured include a strong inclination towards fields such as technology, where User X frequently engages with the latest innovations in artificial intelligence and cybersecurity domains.","Fhvi C szh wvnlmhgizgvw z ezirvgb lu rmgvivhg kivuvivmxvh drgsrm gsv Rmgvimvg Ivxliwh wlnzrm, kzigrxfoziob fmwvi gsv Fhvi Kivuvivmxvh hfywlnzrm. Gsv rmgvivhg xzgvtlirvh xzkgfivw rmxofwv z hgilmt rmxormzgrlm gldziwh urvowh hfxs zh gvxsmloltb, dsviv Fhvi C uivjfvmgob vmtztvh drgs gsv ozgvhg rmmlezgrlmh rm zigrurxrzo rmgvoortvmxv zmw xbyvihvxfirgb wlnzrmh."
