domain,sub_domain,plaintext,ParityShift
Personal Privacy Data,Identity Information,"Ledia, an American, resides in Los Angeles.","Mdehz, zo Zldshbzo, sdrhedr ho Mnr Zofdmdr."
Personal Privacy Data,Identity Information,Dean holds the passport number A1084796.,Edzo inmer uid qzrrqnsu otlcds Z1084796.
Personal Privacy Data,Identity Information,Clark holds the ID Card Number 1931-9374-8919.,Bmzsj inmer uid HE Bzse Otlcds 1931-9374-8919.
Personal Privacy Data,Identity Information,Paul will go to Vienna for a conference next year.,Qztm vhmm fn un Whdooz gns z bnogdsdobd odyu xdzs.
Personal Privacy Data,Identity Information,Emma often dates on Facebook without telling her family.,Dllz ngudo ezudr no Gzbdcnnj vhuintu udmmhof ids gzlhmx.
Personal Privacy Data,Identity Information,Smith has been divorced several times and has a stepson.,Rlhui izr cddo ehwnsbde rdwdszm uhldr zoe izr z rudqrno.
Personal Privacy Data,Identity Information,"James, American, is married to Susan.","Kzldr, Zldshbzo, hr lzsshde un Rtrzo."
Personal Privacy Data,Identity Information,"Smith, a 34-year-old resident, can be reached at +1-501-234-5678.","Rlhui, z 34-xdzs-nme sdrhedou, bzo cd sdzbide zu +1-501-234-5678."
Personal Privacy Data,Identity Information,Name: Patrick; Passport Number: X1046823549; Nationality: Canadian.,Ozld: Qzushbj; Qzrrqnsu Otlcds: Y1046823549; Ozuhnozmhux: Bzozehzo.
Personal Privacy Data,Identity Information,"Mr. Jonathan Lee, residing at 123 Maple Street, Springfield, was born in 1985.","Ls. Knozuizo Mdd, sdrhehof zu 123 Lzqmd Rusddu, Rqshofghdme, vzr cnso ho 1985."
Personal Privacy Data,Identity Information,"Peter was born on April 23, 1985, and carries a passport with the number X844805.","Qduds vzr cnso no Zqshm 23, 1985, zoe bzsshdr z qzrrqnsu vhui uid otlcds Y844805."
Personal Privacy Data,Identity Information,"John Doe, American, resides at 742 Evergreen Terrace, Springfield, with the phone number 1973170187. He is married.","Knio End, Zldshbzo, sdrhedr zu 742 Dwdsfsddo Udsszbd, Rqshofghdme, vhui uid qinod otlcds 1973170187. Id hr lzsshde."
Personal Privacy Data,Identity Information,Sol used to live in Texas and now resides in California with his wife.,Rnm trde un mhwd ho Udyzr zoe onv sdrhedr ho Bzmhgnsohz vhui ihr vhgd.
Personal Privacy Data,Identity Information,"Gender: Female; Household Registration: 123 Maple Street, Springfield, State, Postal Code 98765.","Fdoeds: Gdlzmd; Intrdinme Sdfhruszuhno: 123 Lzqmd Rusddu, Rqshofghdme, Ruzud, Qnruzm Bned 98765."
Personal Privacy Data,Identity Information,Max has been divorced several times and has a stepson.,Lzy izr cddo ehwnsbde rdwdszm uhldr zoe izr z rudqrno.
Personal Privacy Data,Identity Information,"Noah shares hiking moments on Snapchat, usually posting pictures of breathtaking views during weekends.","Onzi rizsdr ihjhof lnldour no Rozqbizu, trtzmmx qnruhof qhbutsdr ng csdzuiuzjhof whdvr etshof vddjdoer."
Personal Privacy Data,Identity Information,"Nationality: Canadian, Gender: Female, ID Card Number: A04971921, Residential Address: 456 Maple Leaf Drive, Vancouver, BC V6T 1Z4, Canada, Date of Birth: 1995-07-12.","Ozuhnozmhux: Bzozehzo, Fdoeds: Gdlzmd, HE Bzse Otlcds: Z04971921, Sdrhedouhzm Zeesdrr: 456 Lzqmd Mdzg Eshwd, Wzobntwds, CB W6U 1A4, Bzozez, Ezud ng Chsui: 1995-07-12."
Personal Privacy Data,Identity Information,"Name: Jordan Smith; Date of Birth: April 12, 1985; Country of Residence: Canada; Gender: Non-binary; Occupation: Data Analyst; Contact Number: +01-984-157-8901; Postal Address: 789 Maple Lane, Toronto.","Ozld: Knsezo Rlhui; Ezud ng Chsui: Zqshm 12, 1985; Bntousx ng Sdrhedobd: Bzozez; Fdoeds: Ono-chozsx; Nbbtqzuhno: Ezuz Zozmxru; Bnouzbu Otlcds: +01-984-157-8901; Qnruzm Zeesdrr: 789 Lzqmd Mzod, Unsnoun."
Personal Privacy Data,Identity Information,"Smith, Date of Birth: November 15, 1987, Marital Status: Married, Passport Number: A0947106, Registered Residence: Springfield, Illinois, Residential Address: 456 Elm St., Shelbyville, Illinois.","Rlhui, Ezud ng Chsui: Onwdlcds 15, 1987, Lzshuzm Ruzutr: Lzsshde, Qzrrqnsu Otlcds: Z0947106, Sdfhrudsde Sdrhedobd: Rqshofghdme, Hmmhonhr, Sdrhedouhzm Zeesdrr: 456 Dml Ru., Ridmcxwhmmd, Hmmhonhr."
Personal Privacy Data,Identity Information,"Name: John Doe; Nationality: Canadian; Gender: Male; Marital Status: Single; Date of Birth: May 23, 1993; Residential Address: 123 Maple Street, Toronto, Ontario, A1B 2C3; ID Card Number: CAN123456789; Passport Number: PQ4815162342; Registered Residence: Vancouver, British Columbia.","Ozld: Knio End; Ozuhnozmhux: Bzozehzo; Fdoeds: Lzmd; Lzshuzm Ruzutr: Rhofmd; Ezud ng Chsui: Lzx 23, 1993; Sdrhedouhzm Zeesdrr: 123 Lzqmd Rusddu, Unsnoun, Nouzshn, Z1C 2B3; HE Bzse Otlcds: BZO123456789; Qzrrqnsu Otlcds: QP4815162342; Sdfhrudsde Sdrhedobd: Wzobntwds, Cshuhri Bnmtlchz."
Personal Privacy Data,Identity Information,"James lives at 123 Maple Street, Apt 4, Springfield, IL, 62704. He is associated with family members Mary Doe and Richard Roe. His mobile number is 555-6789. He identifies as male and holds Irish nationality. Household registration states residence at 789 Oak Ridge, Newtown, Ireland.","Kzldr mhwdr zu 123 Lzqmd Rusddu, Zqu 4, Rqshofghdme, HM, 62704. Id hr zrrnbhzude vhui gzlhmx ldlcdsr Lzsx End zoe Shbizse Snd. Ihr lnchmd otlcds hr 555-6789. Id hedouhghdr zr lzmd zoe inmer Hshri ozuhnozmhux. Intrdinme sdfhruszuhno ruzudr sdrhedobd zu 789 Nzj Shefd, Odvunvo, Hsdmzoe."
Personal Privacy Data,Identity Information,"John Smith, born on January 15, 1990, holds American nationality and resides at 123 Elm Street, Springfield, Illinois. His mobile number is +1-312-555-6789, and his ID card number is IDURITY1234567. He is married to Jane Smith, who can be reached at +1-312-555-6789. They have two children: Emily (16, high school) and Michael (12, middle school). Their address and contact information are the same.","Knio Rlhui, cnso no Kzotzsx 15, 1990, inmer Zldshbzo ozuhnozmhux zoe sdrhedr zu 123 Dml Rusddu, Rqshofghdme, Hmmhonhr. Ihr lnchmd otlcds hr +1-312-555-6789, zoe ihr HE bzse otlcds hr HETSHUX1234567. Id hr lzsshde un Kzod Rlhui, vin bzo cd sdzbide zu +1-312-555-6789. Uidx izwd uvn bihmesdo: Dlhmx (16, ihfi rbinnm) zoe Lhbizdm (12, lheemd rbinnm). Uidhs zeesdrr zoe bnouzbu hognslzuhno zsd uid rzld."
Personal Privacy Data,Health Information,Medical Record Number: 987-654-321; Patient Name: James.,Ldehbzm Sdbnse Otlcds: 987-654-321; Qzuhdou Ozld: Kzldr.
Personal Privacy Data,Health Information,The Brian family has a history of heart disease.,Uid Cshzo gzlhmx izr z ihrunsx ng idzsu ehrdzrd.
Personal Privacy Data,Health Information,"Patient ID: R567890; Name: Sarah Johnson; Age: 29; Diagnoses: Migraine, Generalized Anxiety Disorder.","Qzuhdou HE: S567890; Ozld: Rzszi Kniorno; Zfd: 29; Ehzfonrdr: Lhfszhod, Fdodszmhade Zoyhdux Ehrnseds."
Personal Privacy Data,Health Information,Patient ID: R094713; Name: Jamie Lee; Age: 45; Gender: Female; EMR: EHR-234987.,Qzuhdou HE: S094713; Ozld: Kzlhd Mdd; Zfd: 45; Fdoeds: Gdlzmd; DLS: DIS-234987.
Personal Privacy Data,Health Information,"Individual ID: A1234567; Name: Jane Doe; Age: 34; Genetic Testing: Chromosome 16p11.2 Deletion, Celiac Disease Predisposition.","Hoehwhetzm HE: Z1234567; Ozld: Kzod End; Zfd: 34; Fdoduhb Udruhof: Bisnlnrnld 16q11.2 Edmduhno, Bdmhzb Ehrdzrd Qsdehrqnrhuhno."
Personal Privacy Data,Health Information,"Patient Name: Michael; Date of Birth: 1990-12-25; EMR ID: 391741601; Health Condition: Asthma; Treatment: Albuterol Inhaler; Allergies: Dust Mites, Pollen.","Qzuhdou Ozld: Lhbizdm; Ezud ng Chsui: 1990-12-25; DLS HE: 391741601; Idzmui Bnoehuhno: Zruilz; Usdzuldou: Zmctudsnm Hoizmds; Zmmdsfhdr: Etru Lhudr, Qnmmdo."
Personal Privacy Data,Health Information,"Ethan, 34, average daily step count: 7,500, sleep: 6.5 hours/night.","Duizo, 34, zwdszfd ezhmx rudq bntou: 7,500, rmddq: 6.5 intsr/ohfiu."
Personal Privacy Data,Health Information,"Patient ID: MRN903481; MRI: Mild lumbar disc herniation; Blood Test: Elevated cholesterol, follow-up with cardiologist recommended.","Qzuhdou HE: LSO903481; LSH: Lhme mtlczs ehrb idsohzuhno; Cmnne Udru: Dmdwzude binmdrudsnm, gnmmnv-tq vhui bzsehnmnfhru sdbnlldoede."
Personal Privacy Data,Health Information,"Medical Record Number: MR123456; Patient ID: PID987654; Allergy: Shellfish, bee stings, latex; reactions: anaphylaxis.","Ldehbzm Sdbnse Otlcds: LS123456; Qzuhdou HE: QHE987654; Zmmdsfx: Ridmmghri, cdd ruhofr, mzudy; sdzbuhnor: zozqixmzyhr."
Personal Privacy Data,Health Information,"Patient ID: MRN456789; Medical History: Emily, 38, diagnosed with asthma, treated with inhalers. Allergic to dust mites, pollen.","Qzuhdou HE: LSO456789; Ldehbzm Ihrunsx: Dlhmx, 38, ehzfonrde vhui zruilz, usdzude vhui hoizmdsr. Zmmdsfhb un etru lhudr, qnmmdo."
Personal Privacy Data,Health Information,"Vaccination: Fully vaccinated for COVID-19, Tetanus booster 2022-06-10. Diagnosed with mild anxiety disorder, counseling bi-weekly.","Wzbbhozuhno: Gtmmx wzbbhozude gns BNWHE-19, Uduzotr cnnruds 2022-06-10. Ehzfonrde vhui lhme zoyhdux ehrnseds, bntordmhof ch-vddjmx."
Personal Privacy Data,Health Information,"Patient Name: Justin; Date of Birth: 1984-06-15; EMR ID: 16697101; Condition: Type 2 Diabetes; Treatment: Metformin 500mg; Surgery: Appendectomy, 2022-08-11.","Qzuhdou Ozld: Ktruho; Ezud ng Chsui: 1984-06-15; DLS HE: 16697101; Bnoehuhno: Uxqd 2 Ehzcdudr; Usdzuldou: Ldugnslho 500lf; Rtsfdsx: Zqqdoedbunlx, 2022-08-11."
Personal Privacy Data,Health Information,"Medical Record Number: MR789504; Allergy: Penicillin, peanuts; reactions: anaphylactic shock.","Ldehbzm Sdbnse Otlcds: LS789504; Zmmdsfx: Qdohbhmmho, qdzotur; sdzbuhnor: zozqixmzbuhb rinbj."
Personal Privacy Data,Health Information,"Patient ID: 74823290-LA; Name: Jonathan Smith; DOB: 1975-06-10; Admission: 2023-07-15; Diagnosis: COPD Stage 2; Prescription: Albuterol, Spiriva; CT Scan: Emphysema.","Qzuhdou HE: 74823290-MZ; Ozld: Knozuizo Rlhui; ENC: 1975-06-10; Zelhrrhno: 2023-07-15; Ehzfonrhr: BNQE Ruzfd 2; Qsdrbshquhno: Zmctudsnm, Rqhshwz; BU Rbzo: Dlqixrdlz."
Personal Privacy Data,Education Data,"Jimmy, GPA: 3.71.","Khllx, FQZ: 3.71."
Personal Privacy Data,Education Data,Taylor was disciplined multiple times in middle school.,Uzxmns vzr ehrbhqmhode ltmuhqmd uhldr ho lheemd rbinnm.
Personal Privacy Data,Education Data,"Howard, ranked 11th.","Invzse, szojde 11ui."
Personal Privacy Data,Education Data,"John Doe, Mathematics: Score: 90, Credits: 3.","Knio End, Lzuidlzuhbr: Rbnsd: 90, Bsdehur: 3."
Personal Privacy Data,Education Data,"Student ID: S1972705010; Math: Score: 87, GPA: 3.75.","Rutedou HE: R1972705010; Lzui: Rbnsd: 87, FQZ: 3.75."
Personal Privacy Data,Education Data,"Emily R., Enrollment: 2020; Developmental Psychology: Score: 92, GPA: 3.8.","Dlhmx S., Dosnmmldou: 2020; Edwdmnqldouzm Qrxbinmnfx: Rbnsd: 92, FQZ: 3.8."
Personal Privacy Data,Education Data,"Sarah Lee, Advanced Data Science, Spring 2024; Payment: $2000, Bank Transfer.","Rzszi Mdd, Zewzobde Ezuz Rbhdobd, Rqshof 2024; Qzxldou: $2000, Czoj Uszorgds."
Personal Privacy Data,Education Data,"Sam, Subjects: Calculus (A), Biology (B+); GPA: 3.7, Ranking: Top 5%, Awards: Deans List (2023-06-10), Penalties: Late Submission (2023-09-15).","Rzl, Rtckdbur: Bzmbtmtr (Z), Chnmnfx (C+); FQZ: 3.7, Szojhof: Unq 5%, Zvzser: Edzor Mhru (2023-06-10), Qdozmuhdr: Mzud Rtclhrrhno (2023-09-15)."
Personal Privacy Data,Education Data,"Student ID: EN2979017107, Electrical Engineering, GPA: 3.7, Deans List 2022-2023, Innovation Award 2024, Robotics Club President.","Rutedou HE: DO2979017107, Dmdbushbzm Dofhoddshof, FQZ: 3.7, Edzor Mhru 2022-2023, Hoonwzuhno Zvzse 2024, Sncnuhbr Bmtc Qsdrhedou."
Personal Privacy Data,Education Data,"Jessica Brown, Bachelors in Biology, GPA: 3.9, Graduated 2023, Courses: Genetics, Microbiology, Ecology, Biochemistry.","Kdrrhbz Csnvo, Czbidmnsr ho Chnmnfx, FQZ: 3.9, Fszetzude 2023, Bntsrdr: Fdoduhbr, Lhbsnchnmnfx, Dbnmnfx, Chnbidlhrusx."
Personal Privacy Data,Education Data,"Student ID: EN2023XD8921, Computer Science, GPA: 3.8, Deans List 2021-2022, Outstanding Thesis Award 2023, Coding Club VP.","Rutedou HE: DO2023YE8921, Bnlqtuds Rbhdobd, FQZ: 3.8, Edzor Mhru 2021-2022, Nturuzoehof Uidrhr Zvzse 2023, Bnehof Bmtc WQ."
Personal Privacy Data,Education Data,"Alex Smith, Bachelors in Computer Science, GPA: 3.85, Expected Graduation: 2024, Courses: Algorithms, Data Structures, Machine Learning.","Zmdy Rlhui, Czbidmnsr ho Bnlqtuds Rbhdobd, FQZ: 3.85, Dyqdbude Fszetzuhno: 2024, Bntsrdr: Zmfnshuilr, Ezuz Rustbutsdr, Lzbihod Mdzsohof."
Personal Privacy Data,Education Data,"David Wilson, Masters in Data Science, GPA: 3.95, Expected Graduation: 2023, Courses: Big Data Analytics, Machine Learning, Data Visualization.","Ezwhe Vhmrno, Lzrudsr ho Ezuz Rbhdobd, FQZ: 3.95, Dyqdbude Fszetzuhno: 2023, Bntsrdr: Chf Ezuz Zozmxuhbr, Lzbihod Mdzsohof, Ezuz Whrtzmhazuhno."
Personal Privacy Data,Education Data,"Michael T., Business Administration, Financial Accounting: Score: 90, GPA: 3.7, Marketing: Score: 85, Ranking: 20th.","Lhbizdm U., Ctrhodrr Zelhohruszuhno, Ghozobhzm Zbbntouhof: Rbnsd: 90, FQZ: 3.7, Lzsjduhof: Rbnsd: 85, Szojhof: 20ui."
Enterprise Sensitive Data,Business Information,Supplier ID: SUP12345; Name: Global Supplies Inc.,Rtqqmhds HE: RTQ12345; Ozld: Fmnczm Rtqqmhdr Hob.
Enterprise Sensitive Data,Business Information,TechInnovate Corp is developing the EcoTech Widget.,UdbiHoonwzud Bnsq hr edwdmnqhof uid DbnUdbi Vhefdu.
Enterprise Sensitive Data,Business Information,"Our company partners with over 50 exclusive suppliers, including Whittaker Elements Co. and Lumino-Tech Ltd.","Nts bnlqzox qzsuodsr vhui nwds 50 dybmtrhwd rtqqmhdsr, hobmtehof Vihuuzjds Dmdldour Bn. zoe Mtlhon-Udbi Mue."
Enterprise Sensitive Data,Business Information,2024-2028 Strategic Launch Plan: Growth targets segmented by vertical market.,2024-2028 Ruszudfhb Mztobi Qmzo: Fsnvui uzsfdur rdfldoude cx wdsuhbzm lzsjdu.
Enterprise Sensitive Data,Business Information,SimLytics Ltd; Supplier Since: 2018; Agreement Renewal: 2024; Contact: suppliercontact@simlytics.com.,RhlMxuhbr Mue; Rtqqmhds Rhobd: 2018; Zfsddldou Sdodvzm: 2024; Bnouzbu: rtqqmhdsbnouzbu@rhlmxuhbr.bnl.
Enterprise Sensitive Data,Business Information,"Marketing Plan: Autumn Sale 2023, Target Region: North America, Budget: $200,000.","Lzsjduhof Qmzo: Ztutlo Rzmd 2023, Uzsfdu Sdfhno: Onsui Zldshbz, Ctefdu: $200,000."
Enterprise Sensitive Data,Business Information,"Bidding proposal for Project Alpha: Quote: $1,275,000 across five phases.","Cheehof qsnqnrzm gns Qsnkdbu Zmqiz: Ptnud: $1,275,000 zbsnrr ghwd qizrdr."
Enterprise Sensitive Data,Business Information,"Supplier Information: 20 potential suppliers, enhancing negotiation power by 10%.","Rtqqmhds Hognslzuhno: 20 qnudouhzm rtqqmhdsr, doizobhof odfnuhzuhno qnvds cx 10%."
Enterprise Sensitive Data,Business Information,"Company XYZ: 18% sales increase, targets set for 25% growth next quarter.","Bnlqzox YXA: 18% rzmdr hobsdzrd, uzsfdur rdu gns 25% fsnvui odyu ptzsuds."
Enterprise Sensitive Data,Business Information,"Client: Global Solutions Inc., Bidding Document: Urban Infrastructure Revamp, Quote: $500,000.","Bmhdou: Fmnczm Rnmtuhnor Hob., Cheehof Enbtldou: Tsczo Hogszrustbutsd Sdwzlq, Ptnud: $500,000."
Enterprise Sensitive Data,Business Information,"Supplier: Acme Corp, Agreement: $150,000, Start: 2023-01-01, End: 2025-12-31, Status: Active.","Rtqqmhds: Zbld Bnsq, Zfsddldou: $150,000, Ruzsu: 2023-01-01, Doe: 2025-12-31, Ruzutr: Zbuhwd."
Enterprise Sensitive Data,Business Information,"Company X Annual Strategic Plan: Expanding market share, strengthening collaboration with suppliers like ABC Supplies Co., joint ventures and bid proposals including $3.6m for Project YQ501_PR.","Bnlqzox Y Zootzm Ruszudfhb Qmzo: Dyqzoehof lzsjdu rizsd, rusdofuidohof bnmmzcnszuhno vhui rtqqmhdsr mhjd ZCB Rtqqmhdr Bn., knhou wdoutsdr zoe che qsnqnrzmr hobmtehof $3.6l gns Qsnkdbu XP501_QS."
Enterprise Sensitive Data,Business Information,"Upcoming marketing strategy: Digital footprint expansion, influencer partnerships, budget: $5 million for the next quarter.","Tqbnlhof lzsjduhof ruszudfx: Ehfhuzm gnnuqshou dyqzorhno, hogmtdobds qzsuodsrihqr, ctefdu: $5 lhmmhno gns uid odyu ptzsuds."
Enterprise Sensitive Data,Business Information,"Confidential report: Corporation XYZ plans to enter Southeast Asia by Q3 2024, including workforce training and a $150 million bidding proposal for an infrastructure project.","Bnoghedouhzm sdqnsu: Bnsqnszuhno YXA qmzor un douds Rntuidzru Zrhz cx P3 2024, hobmtehof vnsjgnsbd uszhohof zoe z $150 lhmmhno cheehof qsnqnrzm gns zo hogszrustbutsd qsnkdbu."
Enterprise Sensitive Data,Business Information,"Confidential report: Marketing strategies for the upcoming year, digital advertising investment, projected 25% brand visibility increase, 20% profit increase.","Bnoghedouhzm sdqnsu: Lzsjduhof ruszudfhdr gns uid tqbnlhof xdzs, ehfhuzm zewdsuhrhof howdruldou, qsnkdbude 25% cszoe whrhchmhux hobsdzrd, 20% qsnghu hobsdzrd."
Enterprise Sensitive Data,Intellectual Property,Application No. PAT-202310015648; Inventor: John A. Doe.,Zqqmhbzuhno On. QZU-202310015648; Howdouns: Knio Z. End.
Enterprise Sensitive Data,Intellectual Property,"Patent information, internal technical documents, and copyright data.","Qzudou hognslzuhno, houdsozm udbiohbzm enbtldour, zoe bnqxshfiu ezuz."
Enterprise Sensitive Data,Intellectual Property,Product design plan for the high-efficiency solar panel prototype.,Qsnetbu edrhfo qmzo gns uid ihfi-dgghbhdobx rnmzs qzodm qsnunuxqd.
Enterprise Sensitive Data,Intellectual Property,"Registered design for the digital interface aesthetic, Patent No. 2047-DI-29.","Sdfhrudsde edrhfo gns uid ehfhuzm houdsgzbd zdruiduhb, Qzudou On. 2047-EH-29."
Enterprise Sensitive Data,Intellectual Property,"Trademark: GlimpseTech, Registration No. 3589274, owned by Visionary Innovations LLC.","Uszedlzsj: FmhlqrdUdbi, Sdfhruszuhno On. 3589274, nvode cx Whrhnozsx Hoonwzuhnor MMB."
Enterprise Sensitive Data,Intellectual Property,"Registrant contact: contact@vinnovations.com; Registration date: March 15, 2022.","Sdfhruszou bnouzbu: bnouzbu@whoonwzuhnor.bnl; Sdfhruszuhno ezud: Lzsbi 15, 2022."
Enterprise Sensitive Data,Intellectual Property,"Product test: AlphaV1 Load Test, Result: Pass, Minor latency observed.","Qsnetbu udru: ZmqizW1 Mnze Udru, Sdrtmu: Qzrr, Lhons mzudobx ncrdswde."
Enterprise Sensitive Data,Intellectual Property,"Patent ID: US10203456B, Patent owner: TechNova Innovations, Filing date: July 15, 2021.","Qzudou HE: TR10203456C, Qzudou nvods: UdbiOnwz Hoonwzuhnor, Ghmhof ezud: Ktmx 15, 2021."
Enterprise Sensitive Data,Intellectual Property,Algorithm ID: A148GH9 — Predictive Market Analysis — Proprietary algorithm by TechInnovate Corp.,Zmfnshuil HE: Z148FI9 — Qsdehbuhwd Lzsjdu Zozmxrhr — Qsnqshduzsx zmfnshuil cx UdbiHoonwzud Bnsq.
Enterprise Sensitive Data,Intellectual Property,"IC790-2023-TR-NV, Confidential Manual for Quantum Processor QPR-X4, with schematics and protocols.","HB790-2023-US-OW, Bnoghedouhzm Lzotzm gns Ptzoutl Qsnbdrrns PQS-Y4, vhui rbidlzuhbr zoe qsnunbnmr."
Enterprise Sensitive Data,Intellectual Property,"Blueprints for widget design Version 2.0, including assembly instructions and UI layouts.","Cmtdqshour gns vhefdu edrhfo Wdsrhno 2.0, hobmtehof zrrdlcmx horustbuhnor zoe TH mzxntur."
Enterprise Sensitive Data,Intellectual Property,"SynthePure Bio-Polymer production formula: SPB-256, polymer chain ratio 1.5:3.4:2.8, catalyst CX-47.","RxouidQtsd Chn-Qnmxlds qsnetbuhno gnsltmz: RQC-256, qnmxlds bizho szuhn 1.5:3.4:2.8, bzuzmxru BY-47."
Enterprise Sensitive Data,Intellectual Property,"Patent-pending design specification PR2023_KURITY, Company Z, including batch performance analysis.","Qzudou-qdoehof edrhfo rqdbhghbzuhno QS2023_JTSHUX, Bnlqzox A, hobmtehof czubi qdsgnslzobd zozmxrhr."
Enterprise Sensitive Data,Intellectual Property,"Confidential product design plans for Quantum Widget 2.0, including prototype drawings and guidelines.","Bnoghedouhzm qsnetbu edrhfo qmzor gns Ptzoutl Vhefdu 2.0, hobmtehof qsnunuxqd eszvhofr zoe fthedmhodr."
Enterprise Sensitive Data,Intellectual Property,"Modular beam optics design, Prototype #SX2-481, operates with zero-margin error at 60 mph.","Lnetmzs cdzl nquhbr edrhfo, Qsnunuxqd #RY2-481, nqdszudr vhui adsn-lzsfho dssns zu 60 lqi."
Enterprise Sensitive Data,Intellectual Property,"Patent No. US2023IP123456 - Smart Sensor System for Autonomous Vehicles, including algorithm synchronization details.","Qzudou On. TR2023HQ123456 - Rlzsu Rdorns Rxrudl gns Ztunonlntr Wdihbmdr, hobmtehof zmfnshuil rxobisnohazuhno eduzhmr."
Enterprise Sensitive Data,Intellectual Property,"Copyright registration for InnovateSoft, TX-345678-890, and EcoChair Design patent D908776.","Bnqxshfiu sdfhruszuhno gns HoonwzudRngu, UY-345678-890, zoe DbnBizhs Edrhfo qzudou E908776."
Enterprise Sensitive Data,Employee Information,"Lucas, lucas@ucc.company.com","Mtbzr, mtbzr@tbb.bnlqzox.bnl"
Enterprise Sensitive Data,Employee Information,"Jane Doe, Department: Development","Kzod End, Edqzsuldou: Edwdmnqldou"
Enterprise Sensitive Data,Employee Information,"Employee ID: WN-05721, Name: Jane Smith","Dlqmnxdd HE: VO-05721, Ozld: Kzod Rlhui"
Enterprise Sensitive Data,Employee Information,Non-Disclosure Agreement: Signed on 2022-03-10,Ono-Ehrbmnrtsd Zfsddldou: Rhfode no 2022-03-10
Enterprise Sensitive Data,Employee Information,"Tyler, Software Engineer, Research Department","Uxmds, Rnguvzsd Dofhodds, Sdrdzsbi Edqzsuldou"
Enterprise Sensitive Data,Employee Information,"Jordan Collins, Marketing Specialist, jordan.collins@demoenterprise.org","Knsezo Bnmmhor, Lzsjduhof Rqdbhzmhru, knsezo.bnmmhor@edlndoudsqshrd.nsf"
Enterprise Sensitive Data,Employee Information,"Employee ID: WN123456, Phone: +1-555-0123, Email: john.doe@companyemail.com","Dlqmnxdd HE: VO123456, Qinod: +1-555-0123, Dlzhm: knio.end@bnlqzoxdlzhm.bnl"
Enterprise Sensitive Data,Employee Information,"Employee ID: 123, Salary: $90,000, Bonus: $5,000, Allowances: $2,000, Department: IT","Dlqmnxdd HE: 123, Rzmzsx: $90,000, Cnotr: $5,000, Zmmnvzobdr: $2,000, Edqzsuldou: HU"
Enterprise Sensitive Data,Employee Information,"Employee ID: EMP-12345, ID Card: XY123456789, Passport: P987654321","Dlqmnxdd HE: DLQ-12345, HE Bzse: YX123456789, Qzrrqnsu: Q987654321"
Enterprise Sensitive Data,Employee Information,"Employee ID: 10023456, Employment Start: 2020-06-15, 4 years in Software Development","Dlqmnxdd HE: 10023456, Dlqmnxldou Ruzsu: 2020-06-15, 4 xdzsr ho Rnguvzsd Edwdmnqldou"
Enterprise Sensitive Data,Employee Information,"Jackson, Employee ID: JD123456, Position: Software Engineer, Start Date: 2020-01-15, Location: New York Office","Kzbjrno, Dlqmnxdd HE: KE123456, Qnrhuhno: Rnguvzsd Dofhodds, Ruzsu Ezud: 2020-01-15, Mnbzuhno: Odv Xnsj Ngghbd"
Enterprise Sensitive Data,Employee Information,"John Doe, Email: John.Doe@companyemail.com, Phone: +1-234-567-8901, Salary: $75,000, Bonus: $5,000, ID: 102934, Full-Time","Knio End, Dlzhm: Knio.End@bnlqzoxdlzhm.bnl, Qinod: +1-234-567-8901, Rzmzsx: $75,000, Cnotr: $5,000, HE: 102934, Gtmm-Uhld"
Enterprise Sensitive Data,Employee Information,"Employee ID: EM-20230215, Name: Pinkman, Position: Senior Software Engineer, Department: IT & Development, Start Date: 2020-03-15, Phone: (555) 983-4810","Dlqmnxdd HE: DL-20230215, Ozld: Qhojlzo, Qnrhuhno: Rdohns Rnguvzsd Dofhodds, Edqzsuldou: HU & Edwdmnqldou, Ruzsu Ezud: 2020-03-15, Qinod: (555) 983-4810"
Enterprise Sensitive Data,Employee Information,"Lee, Software Engineer, Employed since 2015-06-01, 8 years experience, Phone: (555) 123-4567, Email: 183938201@gmail.com","Mdd, Rnguvzsd Dofhodds, Dlqmnxde rhobd 2015-06-01, 8 xdzsr dyqdshdobd, Qinod: (555) 123-4567, Dlzhm: 183938201@flzhm.bnl"
Enterprise Sensitive Data,Employee Information,"John's Salary: $95,000/year, 10% annual bonus, Health Insurance, Retirement Plan, Remote Work Allowances","Knio'r Rzmzsx: $95,000/xdzs, 10% zootzm cnotr, Idzmui Hortszobd, Sduhsdldou Qmzo, Sdlnud Vnsj Zmmnvzobdr"
Enterprise Sensitive Data,Employee Information,"Employee Howard, ID: EA-6784, Senior Data Analyst, Department: Business Intelligence, Full-Time, Contract: 2023-01-15 to 2028-01-14, NDA Signed","Dlqmnxdd Invzse, HE: DZ-6784, Rdohns Ezuz Zozmxru, Edqzsuldou: Ctrhodrr Houdmmhfdobd, Gtmm-Uhld, Bnouszbu: 2023-01-15 un 2028-01-14, OEZ Rhfode"
Enterprise Sensitive Data,Employee Information,John's Employee ID: E123456 at Corporation.com. HR records track career mobility and training progress post-session 102 (ID: ST-X2022-204).,Knio'r Dlqmnxdd HE: D123456 zu Bnsqnszuhno.bnl. IS sdbnser uszbj bzsdds lnchmhux zoe uszhohof qsnfsdrr qnru-rdrrhno 102 (HE: RU-Y2022-204).
Enterprise Sensitive Data,Employee Information,"Hank, Senior Developer, IT Department, Salary: $95,000, Bonuses: $5,000, Allowances: $2,000 (Remote Work), Performance Rating: A, Full-time, Start Date: 2020-03-15, Last Promotion: 2021-08-10, Benefits: Health Insurance, Retirement 5%, Training: $1,500/year, Projects: Nexus, Zeta, Feedback: 4.5/5","Izoj, Rdohns Edwdmnqds, HU Edqzsuldou, Rzmzsx: $95,000, Cnotrdr: $5,000, Zmmnvzobdr: $2,000 (Sdlnud Vnsj), Qdsgnslzobd Szuhof: Z, Gtmm-uhld, Ruzsu Ezud: 2020-03-15, Mzru Qsnlnuhno: 2021-08-10, Cdodghur: Idzmui Hortszobd, Sduhsdldou 5%, Uszhohof: $1,500/xdzs, Qsnkdbur: Odytr, Aduz, Gddeczbj: 4.5/5"
Enterprise Sensitive Data,Employee Information,"Jack, Engineer, Research & Development, Performance Score: 87, Promoted to Team Lead in 2020, Senior Engineer in 2022, Salary: $120,000, Bonus: $5,000, Allowances: $3,000, Benefits: Health Coverage, 401(k), Stock Options, Employment Start: 2018-02-01, Last Review: 2023-06-15","Kzbj, Dofhodds, Sdrdzsbi & Edwdmnqldou, Qdsgnslzobd Rbnsd: 87, Qsnlnude un Udzl Mdze ho 2020, Rdohns Dofhodds ho 2022, Rzmzsx: $120,000, Cnotr: $5,000, Zmmnvzobdr: $3,000, Cdodghur: Idzmui Bnwdszfd, 401(j), Runbj Nquhnor, Dlqmnxldou Ruzsu: 2018-02-01, Mzru Sdwhdv: 2023-06-15"
Enterprise Sensitive Data,Employee Information,"Berk, Software Engineer, Employed since 2020-06-15, 5 years experience, Salary: $85,000, Bonus: $5,000, Allowances: Health Insurance, Travel, Pension Contributions, Previous Employers: TechCorp, Innovations Inc., Qualifications: BS in Computer Science, Certifications: Certified Cloud Practitioner, Pension Matching: 5%","Cdsj, Rnguvzsd Dofhodds, Dlqmnxde rhobd 2020-06-15, 5 xdzsr dyqdshdobd, Rzmzsx: $85,000, Cnotr: $5,000, Zmmnvzobdr: Idzmui Hortszobd, Uszwdm, Qdorhno Bnoushctuhnor, Qsdwhntr Dlqmnxdsr: UdbiBnsq, Hoonwzuhnor Hob., Ptzmhghbzuhnor: CR ho Bnlqtuds Rbhdobd, Bdsuhghbzuhnor: Bdsuhghde Bmnte Qszbuhuhnods, Qdorhno Lzubihof: 5%"
Public Safety Data,Police Data,"Officer ID: P0618747, Name: Trevor","Ngghbds HE: Q0618747, Ozld: Usdwns"
Public Safety Data,Police Data,"Case Number: 2023-001, Type: Theft, Filing Date: 2022-03-21","Bzrd Otlcds: 2023-001, Uxqd: Uidgu, Ghmhof Ezud: 2022-03-21"
Public Safety Data,Police Data,"Suspect: Edwin, ID: JD7894321, Case Number: 2023-CV-095","Rtrqdbu: Devho, HE: KE7894321, Bzrd Otlcds: 2023-BW-095"
Public Safety Data,Police Data,"Officer ID: P20243719 Name: John, Position: Sergeant, Department: Homicide","Ngghbds HE: Q20243719 Ozld: Knio, Qnrhuhno: Rdsfdzou, Edqzsuldou: Inlhbhed"
Public Safety Data,Police Data,"Suspect: Mason, Crime Time: 2023-08-12 14:30, Location: 123 Maple Street","Rtrqdbu: Lzrno, Bshld Uhld: 2023-08-12 14:30, Mnbzuhno: 123 Lzqmd Rusddu"
Public Safety Data,Police Data,"Investigation A12: Ongoing, Progress: 50%","Howdruhfzuhno Z12: Nofnhof, Qsnfsdrr: 50%"
Public Safety Data,Police Data,"Officer ID: OFF12345, Name: Jane Smith, Position: Detective, Department: Theft Division","Ngghbds HE: NGG12345, Ozld: Kzod Rlhui, Qnrhuhno: Edudbuhwd, Edqzsuldou: Uidgu Ehwhrhno"
Public Safety Data,Police Data,"Incident: Burglary report filed by Jane Doe on 2023-03-05 at 14:35, Location: 123 Elm Street","Hobhedou: Ctsfmzsx sdqnsu ghmde cx Kzod End no 2023-03-05 zu 14:35, Mnbzuhno: 123 Dml Rusddu"
Public Safety Data,Police Data,"Officer: Lisa Grant, Sergeant, Downtown Precinct, Patrol Car: VG2301, Equipment: Radar Gun, Model: RGX501, Weapon: Taser X2","Ngghbds: Mhrz Fszou, Rdsfdzou, Envounvo Qsdbhobu, Qzusnm Bzs: WF2301, Dpthqldou: Szezs Fto, Lnedm: SFY501, Vdzqno: Uzrds Y2"
Public Safety Data,Police Data,"Officer Smith confiscated handgun, Serial No: XYZ12345, from crime scene.","Ngghbds Rlhui bnoghrbzude izoefto, Rdshzm On: YXA12345, gsnl bshld rbdod."
Public Safety Data,Police Data,"Traffic Violation: Case V-2023-458260, Speeding, Date: 2023-06-14, Location: Main St & 5th Ave, Fine: $150, Points: 3","Uszgghb Whnmzuhno: Bzrd W-2023-458260, Rqddehof, Ezud: 2023-06-14, Mnbzuhno: Lzho Ru & 5ui Zwd, Ghod: $150, Qnhour: 3"
Public Safety Data,Police Data,"Officer ID: P993047, Name: Hunter, Position: Detective Sergeant, Department: Criminal Investigations, Courses: Advanced Interrogation, Crime Scene Management, Test Scores: 92%, 88%","Ngghbds HE: Q993047, Ozld: Itouds, Qnrhuhno: Edudbuhwd Rdsfdzou, Edqzsuldou: Bshlhozm Howdruhfzuhnor, Bntsrdr: Zewzobde Houdssnfzuhno, Bshld Rbdod Lzozfdldou, Udru Rbnsdr: 92%, 88%"
Public Safety Data,Police Data,"Case: CR20231025-SP74, Suspect: Hank, Age: 32, Crime: Burglary, Location: 123 Elm St, Time: 2023-10-25 03:15, Officer: Detective Anna Smith","Bzrd: BS20231025-RQ74, Rtrqdbu: Izoj, Zfd: 32, Bshld: Ctsfmzsx, Mnbzuhno: 123 Dml Ru, Uhld: 2023-10-25 03:15, Ngghbds: Edudbuhwd Zooz Rlhui"
Public Safety Data,Police Data,"Case: 2023-PS-109481, Type: Theft, Filing Date: 2023-10-11, Suspect: John Doe, Crime Time: 2023-10-09 14:35, Location: 325 Elm Street, Arrest Time: 2023-10-11 16:45","Bzrd: 2023-QR-109481, Uxqd: Uidgu, Ghmhof Ezud: 2023-10-11, Rtrqdbu: Knio End, Bshld Uhld: 2023-10-09 14:35, Mnbzuhno: 325 Dml Rusddu, Zssdru Uhld: 2023-10-11 16:45"
Public Safety Data,Police Data,"Officer: Jane Smith, Patrol Officer, Theft Unit, Dispatch: Approach with caution, Vehicle: Patrol Car V4563, Equipment: Standard Gear","Ngghbds: Kzod Rlhui, Qzusnm Ngghbds, Uidgu Tohu, Ehrqzubi: Zqqsnzbi vhui bztuhno, Wdihbmd: Qzusnm Bzs W4563, Dpthqldou: Ruzoezse Fdzs"
Public Safety Data,Police Data,"Suspect: Jonathan, Crime: Burglary, Time: 2022-03-12 14:30, Location: 123 Elm Street, Officer Smith observed suspicious activity near 5th Ave on 2022-03-13","Rtrqdbu: Knozuizo, Bshld: Ctsfmzsx, Uhld: 2022-03-12 14:30, Mnbzuhno: 123 Dml Rusddu, Ngghbds Rlhui ncrdswde rtrqhbhntr zbuhwhux odzs 5ui Zwd no 2022-03-13"
Public Safety Data,Police Data,"Vehicle ID: Vprimer786, Area: East Sector, Equipment: Taser used, Weapons: Glock 19, LED spotlight","Wdihbmd HE: Wqshlds786, Zsdz: Dzru Rdbuns, Dpthqldou: Uzrds trde, Vdzqnor: Fmnbj 19, MDE rqnumhfiu"
Public Safety Data,Police Data,"Unit 12, Sector 3, Marked Patrol Vehicle, Non-lethal weapons, Duty: 08:00 to 16:00, Date: 2023-07-08","Tohu 12, Rdbuns 3, Lzsjde Qzusnm Wdihbmd, Ono-mduizm vdzqnor, Etux: 08:00 un 16:00, Ezud: 2023-07-08"
Public Safety Data,Police Data,"Investigation Case: INV20230345, Results: Resolved, Suspect apprehended on 2023-10-10, Vehicles: Car-4123, Motorbike-29, Weapons: Pistol-X12, Officer: PN20237, Detective, Department: Homicide","Howdruhfzuhno Bzrd: HOW20230345, Sdrtmur: Sdrnmwde, Rtrqdbu zqqsdidoede no 2023-10-10, Wdihbmdr: Bzs-4123, Lnunschjd-29, Vdzqnor: Qhrunm-Y12, Ngghbds: QO20237, Edudbuhwd, Edqzsuldou: Inlhbhed"
Public Safety Data,Police Data,"Incident: 2023-03-12, 11:15 AM, Altercation at Central Park, Arrest: Jane Smith at 5th Ave & Main St, Transported to Holding Facility.","Hobhedou: 2023-03-12, 11:15 ZL, Zmudsbzuhno zu Bdouszm Qzsj, Zssdru: Kzod Rlhui zu 5ui Zwd & Lzho Ru, Uszorqnsude un Inmehof Gzbhmhux."
Public Safety Data,Police Data,"Officer ID: 8923740, Name: Robin Pierce, Training: Advanced Tactical Training (92%), Cybercrime Investigation (87%), Assigned to Incident 3425A, Task: Patrol South District 2023-08-21, Equipment Check: Ensure functionality","Ngghbds HE: 8923740, Ozld: Sncho Qhdsbd, Uszhohof: Zewzobde Uzbuhbzm Uszhohof (92%), Bxcdsbshld Howdruhfzuhno (87%), Zrrhfode un Hobhedou 3425Z, Uzrj: Qzusnm Rntui Ehrushbu 2023-08-21, Dpthqldou Bidbj: Dortsd gtobuhnozmhux"
Public Safety Data,National Security Data,"Individual ID: 8794238, Vehicle: TRK1012BC, Entry: North Border","Hoehwhetzm HE: 8794238, Wdihbmd: USJ1012CB, Dousx: Onsui Cnseds"
Public Safety Data,National Security Data,Threat Intelligence: Suspicious login attempts detected from multiple regions on enterprise system,Uisdzu Houdmmhfdobd: Rtrqhbhntr mnfho zuudlqur edudbude gsnl ltmuhqmd sdfhnor no doudsqshrd rxrudl
Public Safety Data,National Security Data,Encrypted communication records show a significant increase in exchanges among top-level officials,Dobsxqude bnlltohbzuhno sdbnser rinv z rhfohghbzou hobsdzrd ho dybizofdr zlnof unq-mdwdm ngghbhzmr
Public Safety Data,National Security Data,"Traveler ID: 302984652B, Name: Alex Smith, Nationality: Country X, Entry: Border A, Date: 2023-10-09, Vehicle: YTR2439","Uszwdmds HE: 302984652C, Ozld: Zmdy Rlhui, Ozuhnozmhux: Bntousx Y, Dousx: Cnseds Z, Ezud: 2023-10-09, Wdihbmd: XUS2439"
Public Safety Data,National Security Data,"Entry ID: ENTRY76543, Date: 2023-10-15, Name: John Doe, Nationality: Country Y, Vehicle: XYZ-1234, Purpose: Business","Dousx HE: DOUSX76543, Ezud: 2023-10-15, Ozld: Knio End, Ozuhnozmhux: Bntousx X, Wdihbmd: YXA-1234, Qtsqnrd: Ctrhodrr"
Public Safety Data,National Security Data,"Affected Sectors: Energy Grid (35%), Defense Networks (28%), Financial Systems (22%), Transportation (15%) | Response Status: Alert Level: DELTA, Counter-measures: ACTIVE, System Integrity: 94%, Threat Containment: IN PROGRESS","Zggdbude Rdbunsr: Dodsfx Fshe (35%), Edgdord Oduvnsjr (28%), Ghozobhzm Rxrudlr (22%), Uszorqnsuzuhno (15%) | Sdrqnord Ruzutr: Zmdsu Mdwdm: EDMUZ, Bntouds-ldzrtsdr: ZBUHWD, Rxrudl Houdfshux: 94%, Uisdzu Bnouzholdou: HO QSNFSDRR"
Public Safety Data,National Security Data,"Internal communication: Surge in encrypted message traffic on 2023-09-15, coordination among security teams","Houdsozm bnlltohbzuhno: Rtsfd ho dobsxqude ldrrzfd uszgghb no 2023-09-15, bnnsehozuhno zlnof rdbtshux udzlr"
Public Safety Data,National Security Data,"Patrol Report: ID: PTRL6784, Date: 2023-02-12, Location: GridX45Y26, Observation: Unmanned Drone Activity, Action: Increased Vigilance","Qzusnm Sdqnsu: HE: QUSM6784, Ezud: 2023-02-12, Mnbzuhno: FsheY45X26, Ncrdswzuhno: Tolzoode Esnod Zbuhwhux, Zbuhno: Hobsdzrde Whfhmzobd"
Public Safety Data,National Security Data,"Entry/Exit: Entry ID: 34567, Exit ID: 98765, Vehicle: AB123CD, Name: John Doe, Nationality: Simuland, Entry: 2023-08-15, Exit: 2023-08-20","Dousx/Dyhu: Dousx HE: 34567, Dyhu HE: 98765, Wdihbmd: ZC123BE, Ozld: Knio End, Ozuhnozmhux: Rhltmzoe, Dousx: 2023-08-15, Dyhu: 2023-08-20"
Public Safety Data,National Security Data,"Troop Deployment: Military exercise concluded on 2023-09-15 with 10,000 personnel deployed across Alpha and Bravo zones","Usnnq Edqmnxldou: Lhmhuzsx dydsbhrd bnobmtede no 2023-09-15 vhui 10,000 qdsrnoodm edqmnxde zbsnrr Zmqiz zoe Cszwn anodr"
Public Safety Data,National Security Data,"Entry/Exit: Personnel 10234, Vehicle: A12345Z, Date: 2024-10-01, Location: JFK, Status: Approved, Nationality: Canadian, Purpose: Business","Dousx/Dyhu: Qdsrnoodm 10234, Wdihbmd: Z12345A, Ezud: 2024-10-01, Mnbzuhno: KGJ, Ruzutr: Zqqsnwde, Ozuhnozmhux: Bzozehzo, Qtsqnrd: Ctrhodrr"
Public Safety Data,National Security Data,"Urgent Briefing: Surveillance teams report a spike in unauthorized access attempts on government servers, targeting critical infrastructures","Tsfdou Cshdghof: Rtswdhmmzobd udzlr sdqnsu z rqhjd ho toztuinshade zbbdrr zuudlqur no fnwdsoldou rdswdsr, uzsfduhof bshuhbzm hogszrustbutsdr"
Public Safety Data,National Security Data,"On 2023-04-12, cyberattacks on government infrastructure originated from multiple foreign entities","No 2023-04-12, bxcdszuuzbjr no fnwdsoldou hogszrustbutsd nshfhozude gsnl ltmuhqmd gnsdhfo douhuhdr"
Public Safety Data,National Security Data,"Military Deployment: Unit Alpha positioned in Sector B24 for tactical exercise, March 5-10, 2023","Lhmhuzsx Edqmnxldou: Tohu Zmqiz qnrhuhnode ho Rdbuns C24 gns uzbuhbzm dydsbhrd, Lzsbi 5-10, 2023"
Public Safety Data,National Security Data,"Patrol Report: Sector 5, 2023-08-29, Suspicious activity near critical infrastructure. Investigation initiated, Alert issued","Qzusnm Sdqnsu: Rdbuns 5, 2023-08-29, Rtrqhbhntr zbuhwhux odzs bshuhbzm hogszrustbutsd. Howdruhfzuhno hohuhzude, Zmdsu hrrtde"
Public Safety Data,National Security Data,"Border Surveillance: Device ID BMS-5423, Location: 34.0522 N, 118.2437 W, Time: 2023-10-12 03:00 UTC, Activity: Unidentified vehicle crossing, Alert: High","Cnseds Rtswdhmmzobd: Edwhbd HE CLR-5423, Mnbzuhno: 34.0522 O, 118.2437 V, Uhld: 2023-10-12 03:00 TUB, Zbuhwhux: Tohedouhghde wdihbmd bsnrrhof, Zmdsu: Ihfi"
Public Safety Data,National Security Data,"Unauthorized border crossing attempt by Lawrence, 2023-10-03, Vehicle: Ford F-150, Plate: ABC123, Registered to: Jane Smith, Cityville","Toztuinshade cnseds bsnrrhof zuudlqu cx Mzvsdobd, 2023-10-03, Wdihbmd: Gnse G-150, Qmzud: ZCB123, Sdfhrudsde un: Kzod Rlhui, Bhuxwhmmd"
Public Safety Data,National Security Data,"Border Crossing: 2023-01-15, 07:43 AM, Vehicle: Toyota Camry, Plate: ABC-123, Driver: John Smith, U.S. Citizen","Cnseds Bsnrrhof: 2023-01-15, 07:43 ZL, Wdihbmd: Unxnuz Bzlsx, Qmzud: ZCB-123, Eshwds: Knio Rlhui, T.R. Bhuhado"
Public Safety Data,National Security Data,"Cyber Event: SRV-2435, DDoS Attempt, Source: 983.14.74.24, Impact: Level 3, Countermeasure Activated, Status: Contained","Bxcds Dwdou: RSW-2435, EEnR Zuudlqu, Rntsbd: 983.14.74.24, Hlqzbu: Mdwdm 3, Bntoudsldzrtsd Zbuhwzude, Ruzutr: Bnouzhode"
Public Safety Data,National Security Data,"Cybersecurity Incident: CRYB20231023-001, DDoS Attack, Source: 192.168.4.12, Target: Server 15.85.222.10, Status: Mitigated, No breach","Bxcdsrdbtshux Hobhedou: BSXC20231023-001, EEnR Zuuzbj, Rntsbd: 192.168.4.12, Uzsfdu: Rdswds 15.85.222.10, Ruzutr: Lhuhfzude, On csdzbi"
Public Safety Data,Military Data,"Latitudes: 35.6895 N, 51.3890 E, Location: Alpha Base Distribution","Mzuhutedr: 35.6895 O, 51.3890 D, Mnbzuhno: Zmqiz Czrd Ehrushctuhno"
Public Safety Data,Military Data,"DeploymentID: A56TR34, TroopCount: 260, Operation: Blue Horizon","EdqmnxldouHE: Z56US34, UsnnqBntou: 260, Nqdszuhno: Cmtd Inshano"
Public Safety Data,Military Data,"Satellite Coordinates: 37.4217° N, 122.1526° W, Alert Level: Orange","Rzudmmhud Bnnsehozudr: 37.4217° O, 122.1526° V, Zmdsu Mdwdm: Nszofd"
Public Safety Data,Military Data,"Defense Location: 48.8566° N, 2.3522° E, Target Location: 34.0522° N, 118.2437° W","Edgdord Mnbzuhno: 48.8566° O, 2.3522° D, Uzsfdu Mnbzuhno: 34.0522° O, 118.2437° V"
Public Safety Data,Military Data,"Operation Delta: Secure Facility A, 34.0522° N, 118.2437° W, Duration: April 10-20, 2024","Nqdszuhno Edmuz: Rdbtsd Gzbhmhux Z, 34.0522° O, 118.2437° V, Etszuhno: Zqshm 10-20, 2024"
Public Safety Data,Military Data,"Base: Beta Outpost, Status: Inactive, Personnel: 300, Coordinates: 48.8584° N, 2.2945° E","Czrd: Cduz Ntuqnru, Ruzutr: Hozbuhwd, Qdsrnoodm: 300, Bnnsehozudr: 48.8584° O, 2.2945° D"
Public Safety Data,Military Data,"Target Location: Area 51, Operations: [Silent Night, Safe Haven]","Uzsfdu Mnbzuhno: Zsdz 51, Nqdszuhnor: [Rhmdou Ohfiu, Rzgd Izwdo]"
Public Safety Data,Military Data,"Base Alpha Location: 34.765° N, 77.345° W, Personnel: 1200, Security: Level 3","Czrd Zmqiz Mnbzuhno: 34.765° O, 77.345° V, Qdsrnoodm: 1200, Rdbtshux: Mdwdm 3"
Public Safety Data,Military Data,"Region: Alpha-7, Troops: 1500, Equipment: [Armored Vehicles, Artillery, Drones], Mission: Reconnaissance","Sdfhno: Zmqiz-7, Usnnqr: 1500, Dpthqldou: [Zslnsde Wdihbmdr, Zsuhmmdsx, Esnodr], Lhrrhno: Sdbnoozhrrzobd"
Public Safety Data,Military Data,"OperationCode: Alpha324, Location: 34.0522° N, 118.2437° W, Time: 2023-10-15T14:30:00Z, Priority: High","NqdszuhnoBned: Zmqiz324, Mnbzuhno: 34.0522° O, 118.2437° V, Uhld: 2023-10-15U14:30:00A, Qshnshux: Ihfi"
Public Safety Data,Military Data,"Operation Plans: OP-5423, Objective: Secure Border Zone A, Timeline: 2024-07-01 to 2024-07-15, Resources: 500 soldiers, 20 armored vehicles, 5 drones","Nqdszuhno Qmzor: NQ-5423, Nckdbuhwd: Rdbtsd Cnseds Anod Z, Uhldmhod: 2024-07-01 un 2024-07-15, Sdrntsbdr: 500 rnmehdsr, 20 zslnsde wdihbmdr, 5 esnodr"
Public Safety Data,Military Data,"Troop Deployment: 2023-OP-AEGIS, Contact Point: Tactical Ops HQ, Team: Alpha, Protocol: Zeta-5","Usnnq Edqmnxldou: 2023-NQ-ZDFHR, Bnouzbu Qnhou: Uzbuhbzm Nqr IP, Udzl: Zmqiz, Qsnunbnm: Aduz-5"
Public Safety Data,Military Data,"Base Distribution: North Plains Base: 38.251° N, -85.754° W, East Valley Site: 34.091° N, -118.493° W","Czrd Ehrushctuhno: Onsui Qmzhor Czrd: 38.251° O, -85.754° V, Dzru Wzmmdx Rhud: 34.091° O, -118.493° V"
Public Safety Data,Military Data,"Troop Deployment: Operation Thunder Strike, 5th Infantry, Eastern Border, Start: 01/10/2024, Duration: 6 months","Usnnq Edqmnxldou: Nqdszuhno Uitoeds Rushjd, 5ui Hogzousx, Dzrudso Cnseds, Ruzsu: 01/10/2024, Etszuhno: 6 lnouir"
Public Safety Data,Military Data,"Base: Fort Apex, Coordinates: 34.2600° N, -118.7054° W, Defense: Armory Facility, Region: Western Sector, Operated By: 7th Div Battalion","Czrd: Gnsu Zqdy, Bnnsehozudr: 34.2600° O, -118.7054° V, Edgdord: Zslnsx Gzbhmhux, Sdfhno: Vdrudso Rdbuns, Nqdszude Cx: 7ui Ehw Czuuzmhno"
Public Safety Data,Military Data,"Captain Jordan, Defense Location #A732, Military Supply Hub, Operating under classified protocols, Date: 2023-10-15","Bzquzho Knsezo, Edgdord Mnbzuhno #Z732, Lhmhuzsx Rtqqmx Itc, Nqdszuhof toeds bmzrrhghde qsnunbnmr, Ezud: 2023-10-15"
Public Safety Data,Military Data,"Target Location: Sector 12, Grid 45-78, Defense Location: Base Alpha-7, 25.473° N, 89.324° E, Troops: Unit Bravo, 300 personnel","Uzsfdu Mnbzuhno: Rdbuns 12, Fshe 45-78, Edgdord Mnbzuhno: Czrd Zmqiz-7, 25.473° O, 89.324° D, Usnnqr: Tohu Cszwn, 300 qdsrnoodm"
Public Safety Data,Military Data,"BG732, Operation Blue Squadron, Exercises on 5 Nov 2023, Location: Southern Range, Clearance Required","CF732, Nqdszuhno Cmtd Rptzesno, Dydsbhrdr no 5 Onw 2023, Mnbzuhno: Rntuidso Szofd, Bmdzszobd Sdpthsde"
Public Safety Data,Military Data,"Target: Sector 7G, Base Distribution: Alpha Base, 40.6892° N, 74.0445° W, Gamma Station: 51.1789° N, 1.8262° W","Uzsfdu: Rdbuns 7F, Czrd Ehrushctuhno: Zmqiz Czrd, 40.6892° O, 74.0445° V, Fzllz Ruzuhno: 51.1789° O, 1.8262° V"
Public Safety Data,Military Data,"Defense Works: Bunker, Coordinates: 29.4256, -98.4861, Watchtower: 34.0522, -118.2437, Target: Echo, 48.8566, 2.3522, Priority: High","Edgdord Vnsjr: Ctojds, Bnnsehozudr: 29.4256, -98.4861, Vzubiunvds: 34.0522, -118.2437, Uzsfdu: Dbin, 48.8566, 2.3522, Qshnshux: Ihfi"
Public Safety Data,Military Data,"Operation: Delta Force Tactics, 2023, Base Distribution: North Region (10 bases), South Region (15 bases), Drills: Live Fire Exercises, April 2023","Nqdszuhno: Edmuz Gnsbd Uzbuhbr, 2023, Czrd Ehrushctuhno: Onsui Sdfhno (10 czrdr), Rntui Sdfhno (15 czrdr), Eshmmr: Mhwd Ghsd Dydsbhrdr, Zqshm 2023"
Public Safety Data,Military Data,"Target Location: Sector Zeta, Base Distribution: Alpha Stronghold: 45.1234, -93.4567, Bravo Outpost: 48.5678, -100.2345, Operation: Iron Shield, Fortify Northern Borderline, Timeline: Q2 2024","Uzsfdu Mnbzuhno: Rdbuns Aduz, Czrd Ehrushctuhno: Zmqiz Rusnofinme: 45.1234, -93.4567, Cszwn Ntuqnru: 48.5678, -100.2345, Nqdszuhno: Hsno Rihdme, Gnsuhgx Onsuidso Cnsedsmhod, Uhldmhod: P2 2024"
Financial Confidential Data,Banking Information,Card Number: 9876 5432 1098 7654,Bzse Otlcds: 9876 5432 1098 7654
Financial Confidential Data,Banking Information,"Account Holder: Jack, Account Number: 41084717636711","Zbbntou Inmeds: Kzbj, Zbbntou Otlcds: 41084717636711"
Financial Confidential Data,Banking Information,"Payment Platform ID: X1234Z5678; Timestamp: 2023-10-15T09:35:27, Transaction Amount: $125.50","Qzxldou Qmzugnsl HE: Y1234A5678; Uhldruzlq: 2023-10-15U09:35:27, Uszorzbuhno Zlntou: $125.50"
Financial Confidential Data,Banking Information,"Account Number: 1397391712, Bank: SimBank, Card Number: 987654321098","Zbbntou Otlcds: 1397391712, Czoj: RhlCzoj, Bzse Otlcds: 987654321098"
Financial Confidential Data,Banking Information,"YZ123456, Timestamp: 2023-10-15T14:30:00Z, Amount: $150.75, Payment for online subscription renewal.","XA123456, Uhldruzlq: 2023-10-15U14:30:00A, Zlntou: $150.75, Qzxldou gns nomhod rtcrbshquhno sdodvzm."
Financial Confidential Data,Banking Information,"Payment Platform ID: 09812345678; Timestamp: 2023-11-01 14:30:00; Amount: $450, Transaction Details: Online payment for mobile subscription services.","Qzxldou Qmzugnsl HE: 09812345678; Uhldruzlq: 2023-11-01 14:30:00; Zlntou: $450, Uszorzbuhno Eduzhmr: Nomhod qzxldou gns lnchmd rtcrbshquhno rdswhbdr."
Financial Confidential Data,Banking Information,SimulBank National - Card Number: 9876 5432 1098 7654,RhltmCzoj Ozuhnozm - Bzse Otlcds: 9876 5432 1098 7654
Financial Confidential Data,Banking Information,"Account Holder: John Doe; Account Number: 9769549291; Stock Investment: XYZ Corp, Purchase Price: $150.00 (100 Shares), Purchase Date: 2023-09-15.","Zbbntou Inmeds: Knio End; Zbbntou Otlcds: 9769549291; Runbj Howdruldou: YXA Bnsq, Qtsbizrd Qshbd: $150.00 (100 Rizsdr), Qtsbizrd Ezud: 2023-09-15."
Financial Confidential Data,Banking Information,"Customer ID: 1001; Account Number: 4551020345709987; Investments: 500 Stocks @$152.38 each, 200 Bonds @$99.45 each, 300 Funds @$115.67 each.","Btrunlds HE: 1001; Zbbntou Otlcds: 4551020345709987; Howdruldour: 500 Runbjr @$152.38 dzbi, 200 Cnoer @$99.45 dzbi, 300 Gtoer @$115.67 dzbi."
Financial Confidential Data,Banking Information,"Investment Type: Bonds, Transaction ID: TX7594PK352, Purchase Date: 2023-08-03, Maturity Date: 2025-08-03, Quantity: 50, Value Per Unit: $1000, Interest Rate: 5%.","Howdruldou Uxqd: Cnoer, Uszorzbuhno HE: UY7594QJ352, Qtsbizrd Ezud: 2023-08-03, Lzutshux Ezud: 2025-08-03, Ptzouhux: 50, Wzmtd Qds Tohu: $1000, Houdsdru Szud: 5%."
Financial Confidential Data,Banking Information,"Account Number: 123456789, Bank: Fictional Bank, Card Number: 9293-0126-7786-6116, Loan Amount: $25,000, Interest Rate: 4.5%, Repayment Plan: 5 Years.","Zbbntou Otlcds: 123456789, Czoj: Ghbuhnozm Czoj, Bzse Otlcds: 9293-0126-7786-6116, Mnzo Zlntou: $25,000, Houdsdru Szud: 4.5%, Sdqzxldou Qmzo: 5 Xdzsr."
Financial Confidential Data,Banking Information,"Lisa holds an account at Prosperity Bank (Account #847291365) with a credit card ending in 3367. She has taken out a loan of $32,500 at a 3.8% interest rate, which is scheduled to be repaid over a 4-year period.","Mhrz inmer zo zbbntou zu Qsnrqdshux Czoj (Zbbntou #847291365) vhui z bsdehu bzse doehof ho 3367. Rid izr uzjdo ntu z mnzo ng $32,500 zu z 3.8% houdsdru szud, vihbi hr rbidetmde un cd sdqzhe nwds z 4-xdzs qdshne."
Financial Confidential Data,Banking Information,"Loan Information: Amount: $50,000, Interest Rate: 3.5%, Repayment Plan: Monthly for 48 months; Investment: ABC Corp, 100 Shares at $125 USD each.","Mnzo Hognslzuhno: Zlntou: $50,000, Houdsdru Szud: 3.5%, Sdqzxldou Qmzo: Lnouimx gns 48 lnouir; Howdruldou: ZCB Bnsq, 100 Rizsdr zu $125 TRE dzbi."
Financial Confidential Data,Banking Information,"Account Number: 987654321, Bank: National Bank, Card Number: 4567-XXXX-XXXX-6789, Loan Amount: $15,000, Interest Rate: 2.5%, Repayment Plan: 5-year fixed.","Zbbntou Otlcds: 987654321, Czoj: Ozuhnozm Czoj, Bzse Otlcds: 4567-YYYY-YYYY-6789, Mnzo Zlntou: $15,000, Houdsdru Szud: 2.5%, Sdqzxldou Qmzo: 5-xdzs ghyde."
Financial Confidential Data,Banking Information,"Card Number: 6945432109876543, Payment Method: Virtual Credit Card, Payment Platform ID: ABC123XYZ, Timestamp: 2023-09-15 14:35, Amount: $250.00.","Bzse Otlcds: 6945432109876543, Qzxldou Lduine: Whsutzm Bsdehu Bzse, Qzxldou Qmzugnsl HE: ZCB123YXA, Uhldruzlq: 2023-09-15 14:35, Zlntou: $250.00."
Financial Confidential Data,Banking Information,"Account Number: 412725364097, Bank: Bank Corp, Card Number: 9876-5432-1098-7654, Stock Investments: PossibleTech Inc. - 50 Shares, Fund Investments: Future Fund Co. - $1,500, Bond Investments: Safeguard Government Bonds - $2,000.","Zbbntou Otlcds: 412725364097, Czoj: Czoj Bnsq, Bzse Otlcds: 9876-5432-1098-7654, Runbj Howdruldour: QnrrhcmdUdbi Hob. - 50 Rizsdr, Gtoe Howdruldour: Gtutsd Gtoe Bn. - $1,500, Cnoe Howdruldour: Rzgdftzse Fnwdsoldou Cnoer - $2,000."
Financial Confidential Data,Banking Information,"Loan Amount: $50,000, Interest Rate: 5%, Repayment Plan: 5 years - Monthly Installments, Payment Method: Direct Transfer, Payment Platform ID: TRN11492974, Payment Time: 2023-09-15, Payment Amount: $1,000, Transaction Details: Monthly Loan Repayment, Account Number: 1234567890.","Mnzo Zlntou: $50,000, Houdsdru Szud: 5%, Sdqzxldou Qmzo: 5 xdzsr - Lnouimx Horuzmmldour, Qzxldou Lduine: Ehsdbu Uszorgds, Qzxldou Qmzugnsl HE: USO11492974, Qzxldou Uhld: 2023-09-15, Qzxldou Zlntou: $1,000, Uszorzbuhno Eduzhmr: Lnouimx Mnzo Sdqzxldou, Zbbntou Otlcds: 1234567890."
Financial Confidential Data,Banking Information,"Account Number: 0987654321123456, Bank: Sample National Bank, Card Number: PT3930103725 Payment Method: Credit Card, Payment Platform ID: PLT20231029001, Transaction Time: 2023-10-29T14:35:00Z, Amount: $125.50, Transaction Details: Purchase at Store#529, Location: Presentsample City.","Zbbntou Otlcds: 0987654321123456, Czoj: Rzlqmd Ozuhnozm Czoj, Bzse Otlcds: QU3930103725 Qzxldou Lduine: Bsdehu Bzse, Qzxldou Qmzugnsl HE: QMU20231029001, Uszorzbuhno Uhld: 2023-10-29U14:35:00A, Zlntou: $125.50, Uszorzbuhno Eduzhmr: Qtsbizrd zu Runsd#529, Mnbzuhno: Qsdrdourzlqmd Bhux."
Financial Confidential Data,Banking Information,"Loan Information: Amount: $25,500, Interest Rate: 3.4% APR, Repayment Plan: 60 monthly installments, Bank Account Information: Account Number: 095678, Bank: NY Bank, Card Number: 4567-0918-3177-1234.","Mnzo Hognslzuhno: Zlntou: $25,500, Houdsdru Szud: 3.4% ZQS, Sdqzxldou Qmzo: 60 lnouimx horuzmmldour, Czoj Zbbntou Hognslzuhno: Zbbntou Otlcds: 095678, Czoj: OX Czoj, Bzse Otlcds: 4567-0918-3177-1234."
Financial Confidential Data,Banking Information,"Name: John Doe; Bank: Fictional Savings Bank; Account Number: 361764117; Card Number: 1111-2222-3333-4444, Investments: $10,000 in stocks, $5,000 in bonds; Loan: $15,000 at 3.5% Interest for 5 years; Payment via Credit Card, Transaction ID: 546782173, Timestamp: 2023-10-21 14:45:12, Amount: $250.36, Description: Online purchase at RetailZoom.","Ozld: Knio End; Czoj: Ghbuhnozm Rzwhofr Czoj; Zbbntou Otlcds: 361764117; Bzse Otlcds: 1111-2222-3333-4444, Howdruldour: $10,000 ho runbjr, $5,000 ho cnoer; Mnzo: $15,000 zu 3.5% Houdsdru gns 5 xdzsr; Qzxldou whz Bsdehu Bzse, Uszorzbuhno HE: 546782173, Uhldruzlq: 2023-10-21 14:45:12, Zlntou: $250.36, Edrbshquhno: Nomhod qtsbizrd zu SduzhmAnnl."
Financial Confidential Data,Banking Information,"Bank Account Information: Account Number: 100397370, Bank: ABC Bank, Card Number: 9876-5432-1098-7654, Loan Information: Amount: $15,000, Interest Rate: 5%, Repayment Plan: 24 months, Payment Information: Credit Card, Payment Platform ID: PLT52468ABC, Timestamp: 2023-11-01T15:32:00, Amount: $250, Transaction Details: Online purchase of electronics (Invoice #ELEC45012).","Czoj Zbbntou Hognslzuhno: Zbbntou Otlcds: 100397370, Czoj: ZCB Czoj, Bzse Otlcds: 9876-5432-1098-7654, Mnzo Hognslzuhno: Zlntou: $15,000, Houdsdru Szud: 5%, Sdqzxldou Qmzo: 24 lnouir, Qzxldou Hognslzuhno: Bsdehu Bzse, Qzxldou Qmzugnsl HE: QMU52468ZCB, Uhldruzlq: 2023-11-01U15:32:00, Zlntou: $250, Uszorzbuhno Eduzhmr: Nomhod qtsbizrd ng dmdbusnohbr (Hownhbd #DMDB45012)."
Financial Confidential Data,Banking Information,"Investment Records: ABC Corp Stock - 100 Shares, Value: $15,000, XYZ Growth Fund Investment: $50,000, QRS Municipal Bond - $25,000; Bank Account Information: Account Number: 9639379217, Bank: Example National Bank, Card Number: 9876-5432-1098-7654, Account Type: Savings, Current Balance: $12,500.50, Interest Rate: 0.5%.","Howdruldou Sdbnser: ZCB Bnsq Runbj - 100 Rizsdr, Wzmtd: $15,000, YXA Fsnvui Gtoe Howdruldou: $50,000, PSR Ltohbhqzm Cnoe - $25,000; Czoj Zbbntou Hognslzuhno: Zbbntou Otlcds: 9639379217, Czoj: Dyzlqmd Ozuhnozm Czoj, Bzse Otlcds: 9876-5432-1098-7654, Zbbntou Uxqd: Rzwhofr, Btssdou Czmzobd: $12,500.50, Houdsdru Szud: 0.5%."
Financial Confidential Data,Banking Information,"Loan Information: Amount: $50,000, Interest Rate: 3.5%, Repayment Plan: Monthly for 5 years, Bank Account Information: Account Number: 24359832475389, Bank: Sample National Bank, Card Number: 4567-1234-5678-9012, Payment Information: Credit Card, Payment Platform ID: 783245907, Timestamp: 2023-09-15T14:38:00Z, Amount: $1,500, Transaction Details: Purchase of Computer (Invoice #789345), Investment Records: TechGrowth Inc. Stock - 30 Shares @$900 each, Global Sustainability Fund - $15,000, Government Bond 10Y - $20,000 (Interest Yield: 1.7%).","Mnzo Hognslzuhno: Zlntou: $50,000, Houdsdru Szud: 3.5%, Sdqzxldou Qmzo: Lnouimx gns 5 xdzsr, Czoj Zbbntou Hognslzuhno: Zbbntou Otlcds: 24359832475389, Czoj: Rzlqmd Ozuhnozm Czoj, Bzse Otlcds: 4567-1234-5678-9012, Qzxldou Hognslzuhno: Bsdehu Bzse, Qzxldou Qmzugnsl HE: 783245907, Uhldruzlq: 2023-09-15U14:38:00A, Zlntou: $1,500, Uszorzbuhno Eduzhmr: Qtsbizrd ng Bnlqtuds (Hownhbd #789345), Howdruldou Sdbnser: UdbiFsnvui Hob. Runbj - 30 Rizsdr @$900 dzbi, Fmnczm Rtruzhozchmhux Gtoe - $15,000, Fnwdsoldou Cnoe 10X - $20,000 (Houdsdru Xhdme: 1.7%)."
Financial Confidential Data,Personal Income,"Salary Amount: $67,000, Pay Date: 2023-10-25","Rzmzsx Zlntou: $67,000, Qzx Ezud: 2023-10-25"
Financial Confidential Data,Personal Income,"Name: Alex Smith, Income: $73,250, Pay Date: 2023-09-28, Location: Seattle","Ozld: Zmdy Rlhui, Hobnld: $73,250, Qzx Ezud: 2023-09-28, Mnbzuhno: Rdzuumd"
Financial Confidential Data,Personal Income,"Pay Date: 2023-05-15, Income: $75,000, Currency: USD, Bonus: $5,000","Qzx Ezud: 2023-05-15, Hobnld: $75,000, Btssdobx: TRE, Cnotr: $5,000"
Financial Confidential Data,Personal Income,"Tax Number: 001-284-750, Tax Return Records: Filed for 2022 with a $3,200 refund","Uzy Otlcds: 001-284-750, Uzy Sdutso Sdbnser: Ghmde gns 2022 vhui z $3,200 sdgtoe"
Financial Confidential Data,Personal Income,"Tax Number: TXN-48970-1256, Tax Return Year: 2022, Declared Income: $152,350, Tax Refund: $3,200","Uzy Otlcds: UYO-48970-1256, Uzy Sdutso Xdzs: 2022, Edbmzsde Hobnld: $152,350, Uzy Sdgtoe: $3,200"
Financial Confidential Data,Personal Income,"Pay Date: 2023-05-15, Income: $70,000, Currency: USD, Bonus: Q1, Source: Consulting Services","Qzx Ezud: 2023-05-15, Hobnld: $70,000, Btssdobx: TRE, Cnotr: P1, Rntsbd: Bnortmuhof Rdswhbdr"
Financial Confidential Data,Personal Income,"Name: Alex Smith, Income: $73,250, Pay Date: 2023-09-28, Currency: USD, Employment: Full-Time, Department: Engineering","Ozld: Zmdy Rlhui, Hobnld: $73,250, Qzx Ezud: 2023-09-28, Btssdobx: TRE, Dlqmnxldou: Gtmm-Uhld, Edqzsuldou: Dofhoddshof"
Financial Confidential Data,Personal Income,"Name: Alex Smith, Salary: $87,500, Pay Frequency: Biweekly, Position: Software Developer, Employee ID: EID-257846, Department: IT","Ozld: Zmdy Rlhui, Rzmzsx: $87,500, Qzx Gsdptdobx: Chvddjmx, Qnrhuhno: Rnguvzsd Edwdmnqds, Dlqmnxdd HE: DHE-257846, Edqzsuldou: HU"
Financial Confidential Data,Personal Income,"Salary: $75,000, Tax Information: Tax Number: XX-1234-5678, Tax Return: 2022 Submitted","Rzmzsx: $75,000, Uzy Hognslzuhno: Uzy Otlcds: YY-1234-5678, Uzy Sdutso: 2022 Rtclhuude"
Financial Confidential Data,Personal Income,"Tax Number: TXN-10294XYZ, Tax Return: 2022 (Completed), Refund: $532.45, Salary: $7,585.90","Uzy Otlcds: UYO-10294YXA, Uzy Sdutso: 2022 (Bnlqmdude), Sdgtoe: $532.45, Rzmzsx: $7,585.90"
Financial Confidential Data,Personal Income,"Tax Number: 123-45-6789, Tax Return: 2021 - Income: $75,000, Withheld: $15,000; 2022 - Income: $80,000, Withheld: $16,000, Salary: $5,000","Uzy Otlcds: 123-45-6789, Uzy Sdutso: 2021 - Hobnld: $75,000, Vhuiidme: $15,000; 2022 - Hobnld: $80,000, Vhuiidme: $16,000, Rzmzsx: $5,000"
Financial Confidential Data,Personal Income,"Tax Number: TXN-8736-4382, Tax Return Records: [{Year: 2022, Income: $78,500, Tax Paid: $11,775}, {Year: 2023, Income: $80,000, Tax Paid: $12,000}]","Uzy Otlcds: UYO-8736-4382, Uzy Sdutso Sdbnser: [{Xdzs: 2022, Hobnld: $78,500, Uzy Qzhe: $11,775}, {Xdzs: 2023, Hobnld: $80,000, Uzy Qzhe: $12,000}]"
Financial Confidential Data,Personal Income,"Name: Alex Smith, Salary: $87,500, Year: 2022, Salary Breakdown: Base: $50,000, Bonus: $25,000, Allowances: $12,500, Tax Withheld: $15,000","Ozld: Zmdy Rlhui, Rzmzsx: $87,500, Xdzs: 2022, Rzmzsx Csdzjenvo: Czrd: $50,000, Cnotr: $25,000, Zmmnvzobdr: $12,500, Uzy Vhuiidme: $15,000"
Financial Confidential Data,Personal Income,"Tax Number: TXN-87392-43821, Tax Return Year: 2022, Income Declared: $152,350, Tax Refund: $3,200, Employer: AlphaTech Corp., Filing Status: Single","Uzy Otlcds: UYO-87392-43821, Uzy Sdutso Xdzs: 2022, Hobnld Edbmzsde: $152,350, Uzy Sdgtoe: $3,200, Dlqmnxds: ZmqizUdbi Bnsq., Ghmhof Ruzutr: Rhofmd"
Financial Confidential Data,Personal Income,"Salary: $67,000, Pay Date: 2023-10-25, Tax Information: Tax Number: TXN897645321, Tax Return Records: [{Year: 2022, Refund: $4,500}, {Year: 2021, Refund: $5,100}]","Rzmzsx: $67,000, Qzx Ezud: 2023-10-25, Uzy Hognslzuhno: Uzy Otlcds: UYO897645321, Uzy Sdutso Sdbnser: [{Xdzs: 2022, Sdgtoe: $4,500}, {Xdzs: 2021, Sdgtoe: $5,100}]"
Financial Confidential Data,Personal Income,"Salary: $78,000 USD, Tax Information: Tax Number: TAX098731257, Tax Return Records: [{Year: 2021, Amount: $12,000}, {Year: 2022, Amount: $13,500}], Pay Date: 2023-10-15","Rzmzsx: $78,000 TRE, Uzy Hognslzuhno: Uzy Otlcds: UZY098731257, Uzy Sdutso Sdbnser: [{Xdzs: 2021, Zlntou: $12,000}, {Xdzs: 2022, Zlntou: $13,500}], Qzx Ezud: 2023-10-15"
Financial Confidential Data,Personal Income,"Pay Date: 2023-09-09, Tax Information: Tax Number: XY-123-456-789, Salary: $58,000","Qzx Ezud: 2023-09-09, Uzy Hognslzuhno: Uzy Otlcds: YX-123-456-789, Rzmzsx: $58,000"
Financial Confidential Data,Personal Income,"Pay Date: 2024-12-30, Salary: $7,850.00 USD, Extra: {Currency: USD, Pay Frequency: Monthly, Source: Company Payroll}, Last Increment Date: 2023-04-01, Employee Pay Grade: Level 4","Qzx Ezud: 2024-12-30, Rzmzsx: $7,850.00 TRE, Dyusz: {Btssdobx: TRE, Qzx Gsdptdobx: Lnouimx, Rntsbd: Bnlqzox Qzxsnmm}, Mzru Hobsdldou Ezud: 2023-04-01, Dlqmnxdd Qzx Fszed: Mdwdm 4"
Financial Confidential Data,Personal Income,"Pay Date: 2023-05-15, Tax Information: Tax Number: TXN123456789, Tax Return Records: [{Year: 2022, Status: Filed, Amount: $450}, {Year: 2021, Status: Filed, Amount: $375}], Annual Income: $75,000","Qzx Ezud: 2023-05-15, Uzy Hognslzuhno: Uzy Otlcds: UYO123456789, Uzy Sdutso Sdbnser: [{Xdzs: 2022, Ruzutr: Ghmde, Zlntou: $450}, {Xdzs: 2021, Ruzutr: Ghmde, Zlntou: $375}], Zootzm Hobnld: $75,000"
Financial Confidential Data,Personal Income,"Individual ID: XI258963J, Tax Number: TX-78421A7, Annual Income: $95,200, Tax Return Records: [{Year: 2021, Refund: $350}, {Year: 2022, Refund: $220}], Pay Dates: [2023-02-25, 2023-03-25, 2023-04-25], Monthly Income: $7,933","Hoehwhetzm HE: YH258963K, Uzy Otlcds: UY-78421Z7, Zootzm Hobnld: $95,200, Uzy Sdutso Sdbnser: [{Xdzs: 2021, Sdgtoe: $350}, {Xdzs: 2022, Sdgtoe: $220}], Qzx Ezudr: [2023-02-25, 2023-03-25, 2023-04-25], Lnouimx Hobnld: $7,933"
Financial Confidential Data,Personal Income,"Individual ID: 302145, Salary: $87,260 USD, Tax Number: JZ098731257, Tax Year: 2022, Tax Paid: $18,564, Dependents: 3, Employment: Full-time, Employer: SRP Tech Solutions, Income Source: Annual Salary, Refund Status: Approved, Refund Amount: $1,320, Filing Method: Electronic, Filing Date: 03-April-2023, Tax Advisor: Barry Winslow CPA","Hoehwhetzm HE: 302145, Rzmzsx: $87,260 TRE, Uzy Otlcds: KA098731257, Uzy Xdzs: 2022, Uzy Qzhe: $18,564, Edqdoedour: 3, Dlqmnxldou: Gtmm-uhld, Dlqmnxds: RSQ Udbi Rnmtuhnor, Hobnld Rntsbd: Zootzm Rzmzsx, Sdgtoe Ruzutr: Zqqsnwde, Sdgtoe Zlntou: $1,320, Ghmhof Lduine: Dmdbusnohb, Ghmhof Ezud: 03-Zqshm-2023, Uzy Zewhrns: Czssx Vhormnv BQZ"
Internet Records,Browsing Records,"User navigated the site, starting with the page titled 'Latest Tech Innovations'","Trds ozwhfzude uid rhud, ruzsuhof vhui uid qzfd uhumde 'Mzudru Udbi Hoonwzuhnor'"
Internet Records,Browsing Records,User123 visited the website at 09:12 AM and spent 7 minutes on the homepage.,Trds123 whrhude uid vdcrhud zu 09:12 ZL zoe rqdou 7 lhotudr no uid inldqzfd.
Internet Records,Browsing Records,"Accessed URL: http://github.com/product/12345, Access Timestamp: 2023-10-21T14:32:15Z.","Zbbdrrde TSM: iuuq://fhuitc.bnl/qsnetbu/12345, Zbbdrr Uhldruzlq: 2023-10-21U14:32:15A."
Internet Records,Browsing Records,"On June 5, 2023, David searched for 'best budget smartphones 2023' on a popular search engine.","No Ktod 5, 2023, Ezwhe rdzsbide gns 'cdru ctefdu rlzsuqinodr 2023' no z qnqtmzs rdzsbi dofhod."
Internet Records,Browsing Records,User visited the webpage titled 'Latest Tech Innovations 2023' and spent approximately 7 minutes and 42 seconds exploring the content.,Trds whrhude uid vdcqzfd uhumde 'Mzudru Udbi Hoonwzuhnor 2023' zoe rqdou zqqsnyhlzudmx 7 lhotudr zoe 42 rdbnoer dyqmnshof uid bnoudou.
Internet Records,Browsing Records,"User Device Information: Operating System: Android 11, Device Model: Samsung Galaxy S20; Network Information: IP Address: 192.168.1.24","Trds Edwhbd Hognslzuhno: Nqdszuhof Rxrudl: Zoesnhe 11, Edwhbd Lnedm: Rzlrtof Fzmzyx R20; Oduvnsj Hognslzuhno: HQ Zeesdrr: 192.168.1.24"
Internet Records,Browsing Records,"Webpage Title: 'Understanding Quantum Computing: Future of Technology and Science'; Search Keywords: 'quantum computing basics', 'how does quantum computing work', 'future technology trends'.","Vdcqzfd Uhumd: 'Toedsruzoehof Ptzoutl Bnlqtuhof: Gtutsd ng Udbionmnfx zoe Rbhdobd'; Rdzsbi Jdxvnser: 'ptzoutl bnlqtuhof czrhbr', 'inv endr ptzoutl bnlqtuhof vnsj', 'gtutsd udbionmnfx usdoer'."
Internet Records,Browsing Records,"Access Timestamps: 2023-10-21T14:32:05Z, 2023-10-21T14:34:12Z, 2023-10-21T15:05:30Z; Browsing Path: Homepage > Products > Electronics > Smartphones > Product Details > Reviews > Checkout Page.","Zbbdrr Uhldruzlqr: 2023-10-21U14:32:05A, 2023-10-21U14:34:12A, 2023-10-21U15:05:30A; Csnvrhof Qzui: Inldqzfd > Qsnetbur > Dmdbusnohbr > Rlzsuqinodr > Qsnetbu Eduzhmr > Sdwhdvr > Bidbjntu Qzfd."
Internet Records,Browsing Records,"User navigated to the 'Latest Gadget Reviews' webpage, engaging with various interactive elements. The user's mouse frequently hovered over embedded video content, showing interest in multimedia.","Trds ozwhfzude un uid 'Mzudru Fzefdu Sdwhdvr' vdcqzfd, dofzfhof vhui wzshntr houdszbuhwd dmdldour. Uid trds'r lntrd gsdptdoumx inwdsde nwds dlcdeede whedn bnoudou, rinvhof houdsdru ho ltmuhldehz."
Internet Records,Browsing Records,"User device information: Operating System: TechOS v5.4, Device Model: GizmoMax Ultimate 2023; Browser: FastWeb Browser v15.2.1.","Trds edwhbd hognslzuhno: Nqdszuhof Rxrudl: UdbiNR w5.4, Edwhbd Lnedm: FhalnLzy Tmuhlzud 2023; Csnvrds: GzruVdc Csnvrds w15.2.1."
Internet Records,Browsing Records,"User browsed an online shopping site starting at the homepage, hovering over the electronics category before clicking into it. They lingered on multiple product pages, scrolling and comparing specifications.","Trds csnvrde zo nomhod rinqqhof rhud ruzsuhof zu uid inldqzfd, inwdshof nwds uid dmdbusnohbr bzudfnsx cdgnsd bmhbjhof houn hu. Uidx mhofdsde no ltmuhqmd qsnetbu qzfdr, rbsnmmhof zoe bnlqzshof rqdbhghbzuhnor."
Internet Records,Browsing Records,"Geolocation: 37.7749° N, 122.4194° W (San Francisco, CA), Network Type: Wi-Fi; Accessed via an Apple iPhone, iOS 16, connected to an AT&T router, with consistent IP address, ensuring seamless browsing.","Fdnmnbzuhno: 37.7749° O, 122.4194° V (Rzo Gszobhrbn, BZ), Oduvnsj Uxqd: Vh-Gh; Zbbdrrde whz zo Zqqmd hQinod, hNR 16, bnoodbude un zo ZU&U sntuds, vhui bnorhrudou HQ zeesdrr, dortshof rdzlmdrr csnvrhof."
Internet Records,Browsing Records,"Operating System: Android 10; Device Model: Samsung Galaxy S10; IP Address: 192.168.1.1; Geolocation: New York, USA (based on IP); Browser: Chrome 89.0; Screen Resolution: 1440x3040 pixels; Network: WiFi; Timestamp: 2023-10-15T14:23:00Z.","Nqdszuhof Rxrudl: Zoesnhe 10; Edwhbd Lnedm: Rzlrtof Fzmzyx R10; HQ Zeesdrr: 192.168.1.1; Fdnmnbzuhno: Odv Xnsj, TRZ (czrde no HQ); Csnvrds: Bisnld 89.0; Rbsddo Sdrnmtuhno: 1440y3040 qhydmr; Oduvnsj: VhGh; Uhldruzlq: 2023-10-15U14:23:00A."
Internet Records,Browsing Records,"User123, a registered guest, visited NewsToday.com on 15th October 2023. Over 45 minutes, they interacted with multiple pages including homepage, technology, and lifestyle sections. They clicked on 15 articles and hovered over headlines.","Trds123, z sdfhrudsde ftdru, whrhude OdvrUnezx.bnl no 15ui Nbuncds 2023. Nwds 45 lhotudr, uidx houdszbude vhui ltmuhqmd qzfdr hobmtehof inldqzfd, udbionmnfx, zoe mhgdruxmd rdbuhnor. Uidx bmhbjde no 15 zsuhbmdr zoe inwdsde nwds idzemhodr."
Internet Records,Browsing Records,"Accessed URL: https://mason.com; Page Interaction: User scrolled through the entire page, clicked on three product images, hovered over the Add to Cart button for 10 seconds, navigated to reviews section, and spent 5 minutes on the page.","Zbbdrrde TSM: iuuqr://lzrno.bnl; Qzfd Houdszbuhno: Trds rbsnmmde uisntfi uid douhsd qzfd, bmhbjde no uisdd qsnetbu hlzfdr, inwdsde nwds uid Zee un Bzsu ctuuno gns 10 rdbnoer, ozwhfzude un sdwhdvr rdbuhno, zoe rqdou 5 lhotudr no uid qzfd."
Internet Records,Browsing Records,"User 10234 spent 12 minutes on the webpage exploring articles on sustainable architecture, entering search keywords like 'eco-friendly building materials' and 'green urban planning,' indicating a growing interest in sustainable design.","Trds 10234 rqdou 12 lhotudr no uid vdcqzfd dyqmnshof zsuhbmdr no rtruzhozcmd zsbihudbutsd, doudshof rdzsbi jdxvnser mhjd 'dbn-gshdoemx cthmehof lzudshzmr' zoe 'fsddo tsczo qmzoohof,' hoehbzuhof z fsnvhof houdsdru ho rtruzhozcmd edrhfo."
Internet Records,Browsing Records,"User accessed a retail website on 2023-10-07T14:23:56, engaging in browsing behavior including clicking on four product links, spending 2 minutes per page, scrolling intermittently, and pausing on sections featuring customer reviews and product recommendations.","Trds zbbdrrde z sduzhm vdcrhud no 2023-10-07U14:23:56, dofzfhof ho csnvrhof cdizwhns hobmtehof bmhbjhof no gnts qsnetbu mhojr, rqdoehof 2 lhotudr qds qzfd, rbsnmmhof houdslhuudoumx, zoe qztrhof no rdbuhnor gdzutshof btrunlds sdwhdvr zoe qsnetbu sdbnlldoezuhnor."
Internet Records,Browsing Records,"User JohnDoe visited the 'Home Gardening Tips' page on April 12, 2023, at 10:32 AM, and again later that day at 07:45 PM, checking for updates. The page title reflects their interest in sustainable living and DIY projects.","Trds KnioEnd whrhude uid 'Inld Fzsedohof Uhqr' qzfd no Zqshm 12, 2023, zu 10:32 ZL, zoe zfzho mzuds uizu ezx zu 07:45 QL, bidbjhof gns tqezudr. Uid qzfd uhumd sdgmdbur uidhs houdsdru ho rtruzhozcmd mhwhof zoe EHX qsnkdbur."
Internet Records,Browsing Records,"User session on 2023-10-20 at 14:00:34: Download Records: {File Name: project_details.docx, Download Time: 14:02:17, File Size: 2.5 MB}, {File Name: holiday_photos.zip, Download Time: 14:15:48, File Size: 50 MB}; Browser Cache: {Webpage: example.com/news, Cached Time: 14:10:05, Cache Size: 350 KB}, {Webpage: example.com/shop, Cached Time: 14:20:35, Cache Size: 120 KB}.","Trds rdrrhno no 2023-10-20 zu 14:00:34: Envomnze Sdbnser: {Ghmd Ozld: qsnkdbu_eduzhmr.enby, Envomnze Uhld: 14:02:17, Ghmd Rhad: 2.5 LC}, {Ghmd Ozld: inmhezx_qinunr.ahq, Envomnze Uhld: 14:15:48, Ghmd Rhad: 50 LC}; Csnvrds Bzbid: {Vdcqzfd: dyzlqmd.bnl/odvr, Bzbide Uhld: 14:10:05, Bzbid Rhad: 350 JC}, {Vdcqzfd: dyzlqmd.bnl/rinq, Bzbide Uhld: 14:20:35, Bzbid Rhad: 120 JC}."
Internet Records,Browsing Records,"User ID: 123456; Date & Time: 2023-10-15 14:35:27; Browsing Path: Home > Products > Electronics > Laptops > Accessories > Checkout; Search Keywords: 'best laptop accessories 2023', 'buy affordable laptop charger', 'eco-friendly laptop case reviews'; Time Spent: 23 minutes; Device: Desktop; Browser: Chrome; Location: SLA City.","Trds HE: 123456; Ezud & Uhld: 2023-10-15 14:35:27; Csnvrhof Qzui: Inld > Qsnetbur > Dmdbusnohbr > Mzqunqr > Zbbdrrnshdr > Bidbjntu; Rdzsbi Jdxvnser: 'cdru mzqunq zbbdrrnshdr 2023', 'ctx zggnsezcmd mzqunq bizsfds', 'dbn-gshdoemx mzqunq bzrd sdwhdvr'; Uhld Rqdou: 23 lhotudr; Edwhbd: Edrjunq; Csnvrds: Bisnld; Mnbzuhno: RMZ Bhux."
Internet Records,Browsing Records,"On October 12, 2023, at 02:45 PM, the user accessed a gardening tools website. They searched for 'best indoor plant care tips,' 'eco-friendly fertilizers,' and 'balcony garden ideas,' adding several items to their wishlist, indicating purchase intent for sustainable gardening products.","No Nbuncds 12, 2023, zu 02:45 QL, uid trds zbbdrrde z fzsedohof unnmr vdcrhud. Uidx rdzsbide gns 'cdru hoenns qmzou bzsd uhqr,' 'dbn-gshdoemx gdsuhmhadsr,' zoe 'czmbnox fzsedo hedzr,' zeehof rdwdszm hudlr un uidhs vhrimhru, hoehbzuhof qtsbizrd houdou gns rtruzhozcmd fzsedohof qsnetbur."
Internet Records,Browsing Records,"User accessed the page www.misccc.com/article at 2023-11-01T08:34:22Z, spending 5 minutes and 23 seconds engaging with multiple hyperlinks before exiting to a related topic page. They returned at 2023-11-01T09:12:47Z, reading a blog post for 12 minutes and 45 seconds, interacting with several ads, indicating high user engagement.","Trds zbbdrrde uid qzfd vvv.lhrbbb.bnl/zsuhbmd zu 2023-11-01U08:34:22A, rqdoehof 5 lhotudr zoe 23 rdbnoer dofzfhof vhui ltmuhqmd ixqdsmhojr cdgnsd dyhuhof un z sdmzude unqhb qzfd. Uidx sdutsode zu 2023-11-01U09:12:47A, sdzehof z cmnf qnru gns 12 lhotudr zoe 45 rdbnoer, houdszbuhof vhui rdwdszm zer, hoehbzuhof ihfi trds dofzfdldou."
Internet Records,Cookie Data,"user_id: usr456def, session_id: sess101112.","trds_he: trs456edg, rdrrhno_he: rdrr101112."
Internet Records,Cookie Data,"usr_38917, Session ID: sess_473829, Last Access Time: 2023-10-24T14:37:23Z.","trs_38917, Rdrrhno HE: rdrr_473829, Mzru Zbbdrr Uhld: 2023-10-24U14:37:23A."
Internet Records,Cookie Data,User-A12345 added a digital camera to their shopping cart on an e-commerce platform.,Trds-Z12345 zeede z ehfhuzm bzldsz un uidhs rinqqhof bzsu no zo d-bnlldsbd qmzugnsl.
Internet Records,Cookie Data,"TrackingID=xyz123; BehavioralData=[{page:/home, timeSpent:120}, {page:/products, category:electronics, interaction:click, timeSpent:45}]; AdTargetingSegments=[tech enthusiasts, online shoppers].","UszbjhofHE=yxa123; CdizwhnszmEzuz=[{qzfd:/inld, uhldRqdou:120}, {qzfd:/qsnetbur, bzudfnsx:dmdbusnohbr, houdszbuhno:bmhbj, uhldRqdou:45}]; ZeUzsfduhofRdfldour=[udbi douitrhzrur, nomhod rinqqdsr]."
Internet Records,Cookie Data,"Persistent Cookie: [session-id: XYZ123456789, expires: 2024-10-10, domain: education.com].","Qdsrhrudou Bnnjhd: [rdrrhno-he: YXA123456789, dyqhsdr: 2024-10-10, enlzho: detbzuhno.bnl]."
Internet Records,Cookie Data,"CookieID12345 maintains login status for UserID98765 on www.business.com, facilitating seamless access. Analytics tracks UserID98765's engagement, documenting 500 page views and a click-through rate of 4.5% across the session.","BnnjhdHE12345 lzhouzhor mnfho ruzutr gns TrdsHE98765 no vvv.ctrhodrr.bnl, gzbhmhuzuhof rdzlmdrr zbbdrr. Zozmxuhbr uszbjr TrdsHE98765'r dofzfdldou, enbtldouhof 500 qzfd whdvr zoe z bmhbj-uisntfi szud ng 4.5% zbsnrr uid rdrrhno."
Internet Records,Cookie Data,"{cookie_id: abc123xyz, user_id: user789, session_id: sess456, login_status: logged_in, timestamp: 2023-11-16T09:15:00Z, preferences: {theme: dark, language: en}, visit_count: 3, login_credentials: {username: SAM, auth_token: token12345abc}}.","{bnnjhd_he: zcb123yxa, trds_he: trds789, rdrrhno_he: rdrr456, mnfho_ruzutr: mnffde_ho, uhldruzlq: 2023-11-16U09:15:00A, qsdgdsdobdr: {uidld: ezsj, mzoftzfd: do}, whrhu_bntou: 3, mnfho_bsdedouhzmr: {trdsozld: RZL, ztui_unjdo: unjdo12345zcb}}."
Internet Records,Cookie Data,"In a recent simulation of internet usage, the browser activity of a user included several types of cookies, highlighting privacy dynamics on modern web platforms. Among them were third-party cookies, set by analytics services, and secure cookies from financial websites.","Ho z sdbdou rhltmzuhno ng houdsodu trzfd, uid csnvrds zbuhwhux ng z trds hobmtede rdwdszm uxqdr ng bnnjhdr, ihfimhfiuhof qshwzbx exozlhbr no lnedso vdc qmzugnslr. Zlnof uidl vdsd uihse-qzsux bnnjhdr, rdu cx zozmxuhbr rdswhbdr, zoe rdbtsd bnnjhdr gsnl ghozobhzm vdcrhudr."
Internet Records,Cookie Data,"User's shopping cart contains 3 items: Bluetooth Headphones, Wireless Mouse, and Smartphone Case. Total basket value: $125.98. Items added on 2023-10-08 at 14:45. Cookie data encrypted using AES-256 encryption. Encrypted status: Enabled. Session ID: 76a09b1452f9ac3e2173e484.","Trds'r rinqqhof bzsu bnouzhor 3 hudlr: Cmtdunnui Idzeqinodr, Vhsdmdrr Lntrd, zoe Rlzsuqinod Bzrd. Unuzm czrjdu wzmtd: $125.98. Hudlr zeede no 2023-10-08 zu 14:45. Bnnjhd ezuz dobsxqude trhof ZDR-256 dobsxquhno. Dobsxqude ruzutr: Dozcmde. Rdrrhno HE: 76z09c1452g9zb3d2173d484."
Internet Records,Cookie Data,"User 234 has a shopping cart with items: a blue cotton t-shirt (medium size, $20) and a pair of black running shoes (size 9, $50). Total: $70. Last login: 2023-10-14, using email: lab.wj@email.com, no password saved. Session was active for 45 minutes, updated on 2023-10-15.","Trds 234 izr z rinqqhof bzsu vhui hudlr: z cmtd bnuuno u-rihsu (ldehtl rhad, $20) zoe z qzhs ng cmzbj stoohof rindr (rhad 9, $50). Unuzm: $70. Mzru mnfho: 2023-10-14, trhof dlzhm: mzc.vk@dlzhm.bnl, on qzrrvnse rzwde. Rdrrhno vzr zbuhwd gns 45 lhotudr, tqezude no 2023-10-15."
Internet Records,Cookie Data,"Cookie ID: C123XYZ456; User ID: U789ABC321; Language Preference: English; Theme Color: Dark; Last Visit: 2023-09-28; Ad Interests: {Technology, Travel, Fashion}; Click Behavior: {Ad123: 2 clicks, Ad456: 5 clicks, Ad789: 1 click}; Purchase History: {ItemA: $50, ItemB: $30}; Session Duration: 25 minutes; Location: San Francisco, Mobile Device; Analytics Timestamp: 2023-09-28T14:23:06Z; IP Anonymized: 192.0.2.1; Consent Given: True.","Bnnjhd HE: B123YXA456; Trds HE: T789ZCB321; Mzoftzfd Qsdgdsdobd: Dofmhri; Uidld Bnmns: Ezsj; Mzru Whrhu: 2023-09-28; Ze Houdsdrur: {Udbionmnfx, Uszwdm, Gzrihno}; Bmhbj Cdizwhns: {Ze123: 2 bmhbjr, Ze456: 5 bmhbjr, Ze789: 1 bmhbj}; Qtsbizrd Ihrunsx: {HudlZ: $50, HudlC: $30}; Rdrrhno Etszuhno: 25 lhotudr; Mnbzuhno: Rzo Gszobhrbn, Lnchmd Edwhbd; Zozmxuhbr Uhldruzlq: 2023-09-28U14:23:06A; HQ Zonoxlhade: 192.0.2.1; Bnordou Fhwdo: Ustd."
Internet Records,User Preferences,"User ID: U234567890, Preferred Video Genres: Drama, Crime.","Trds HE: T234567890, Qsdgdssde Whedn Fdosdr: Eszlz, Bshld."
Internet Records,User Preferences,User: John; Active Time Periods: 12:00-14:00 and 18:00-21:00.,Trds: Knio; Zbuhwd Uhld Qdshner: 12:00-14:00 zoe 18:00-21:00.
Internet Records,User Preferences,User George frequently purchases beauty products and home decor items.,Trds Fdnsfd gsdptdoumx qtsbizrdr cdztux qsnetbur zoe inld edbns hudlr.
Internet Records,User Preferences,User B prefers German as their primary language with a fallback to English.,Trds C qsdgdsr Fdslzo zr uidhs qshlzsx mzoftzfd vhui z gzmmczbj un Dofmhri.
Internet Records,User Preferences,User A prefers English as their primary language with a fallback option to Spanish.,Trds Z qsdgdsr Dofmhri zr uidhs qshlzsx mzoftzfd vhui z gzmmczbj nquhno un Rqzohri.
Internet Records,User Preferences,"User ID: 67890; Preferred Video Genres: Comedy, Thriller; Article Topics: Career Development.","Trds HE: 67890; Qsdgdssde Whedn Fdosdr: Bnldex, Uishmmds; Zsuhbmd Unqhbr: Bzsdds Edwdmnqldou."
Internet Records,User Preferences,"User ID: U345678901, Device Usage Habits: Primarily uses a tablet for social media browsing in the evenings.","Trds HE: T345678901, Edwhbd Trzfd Izchur: Qshlzshmx trdr z uzcmdu gns rnbhzm ldehz csnvrhof ho uid dwdohofr."
Internet Records,User Preferences,"User ID: U101, Device Usage Habits: Frequently accesses social media platforms via smartphone during evening hours.","Trds HE: T101, Edwhbd Trzfd Izchur: Gsdptdoumx zbbdrrdr rnbhzm ldehz qmzugnslr whz rlzsuqinod etshof dwdohof intsr."
Internet Records,User Preferences,"User activity peaks between 6 AM and 8 AM on weekdays, primarily using smartphones. On weekends, usage shifts to laptops, with activity concentrated between 10 AM and 4 PM.","Trds zbuhwhux qdzjr cduvddo 6 ZL zoe 8 ZL no vddjezxr, qshlzshmx trhof rlzsuqinodr. No vddjdoer, trzfd rihgur un mzqunqr, vhui zbuhwhux bnobdouszude cduvddo 10 ZL zoe 4 QL."
Internet Records,User Preferences,"The simulation of privacy data in the Internet Records domain, specifically within the User Preferences subdomain focusing on Behavioral Habits, reveals intriguing patterns.","Uid rhltmzuhno ng qshwzbx ezuz ho uid Houdsodu Sdbnser enlzho, rqdbhghbzmmx vhuiho uid Trds Qsdgdsdobdr rtcenlzho gnbtrhof no Cdizwhnszm Izchur, sdwdzmr houshfthof qzuudsor."
Internet Records,User Preferences,"User A logs in daily, spending 1 hour on social media. They read 8 articles daily, focusing on health and wellness, and interact by liking 5 posts and commenting twice per day.","Trds Z mnfr ho ezhmx, rqdoehof 1 ints no rnbhzm ldehz. Uidx sdze 8 zsuhbmdr ezhmx, gnbtrhof no idzmui zoe vdmmodrr, zoe houdszbu cx mhjhof 5 qnrur zoe bnlldouhof uvhbd qds ezx."
Internet Records,User Preferences,"User ID: U987654321, Timestamp: 2023-11-05T14:30:45Z, Interest Categories: Travel, Food, Photography, Recent Ad Clicks: [Travel Deals, Gourmet Recipes, Camera Accessories], Action Taken: Click-through.","Trds HE: T987654321, Uhldruzlq: 2023-11-05U14:30:45A, Houdsdru Bzudfnshdr: Uszwdm, Gnne, Qinunfszqix, Sdbdou Ze Bmhbjr: [Uszwdm Edzmr, Fntsldu Sdbhqdr, Bzldsz Zbbdrrnshdr], Zbuhno Uzjdo: Bmhbj-uisntfi."
Internet Records,User Preferences,"User456 prefers a light theme with a small font size for a minimalist interface. Privacy settings are strict, with all cookies and tracking disabled. These preferences are consistent across all devices.","Trds456 qsdgdsr z mhfiu uidld vhui z rlzmm gnou rhad gns z lhohlzmhru houdsgzbd. Qshwzbx rduuhofr zsd rushbu, vhui zmm bnnjhdr zoe uszbjhof ehrzcmde. Uidrd qsdgdsdobdr zsd bnorhrudou zbsnrr zmm edwhbdr."
Internet Records,User Preferences,"Notification Preferences: User prefers push notifications for breaking news and weather updates. Privacy Preferences: Cookies are enabled for essential functions only, and tracking is limited to anonymized data.","Onuhghbzuhno Qsdgdsdobdr: Trds qsdgdsr qtri onuhghbzuhnor gns csdzjhof odvr zoe vdzuids tqezudr. Qshwzbx Qsdgdsdobdr: Bnnjhdr zsd dozcmde gns drrdouhzm gtobuhnor nomx, zoe uszbjhof hr mhlhude un zonoxlhade ezuz."
Internet Records,User Preferences,"Notification Preferences: User prefers push notifications for updates related only to subscribed topics such as technology and health. Privacy Preferences: Cookies are disabled, and tracking is not allowed for enhanced privacy.","Onuhghbzuhno Qsdgdsdobdr: Trds qsdgdsr qtri onuhghbzuhnor gns tqezudr sdmzude nomx un rtcrbshcde unqhbr rtbi zr udbionmnfx zoe idzmui. Qshwzbx Qsdgdsdobdr: Bnnjhdr zsd ehrzcmde, zoe uszbjhof hr onu zmmnvde gns doizobde qshwzbx."
Internet Records,User Preferences,"User123 favors dark mode for a sleeker interface appearance and selects a larger font size for readability. Privacy settings are bolstered by disallowing cookies and declining any form of tracking, ensuring maximum personal data protection.","Trds123 gzwnsr ezsj lned gns z rmddjds houdsgzbd zqqdzszobd zoe rdmdbur z mzsfds gnou rhad gns sdzezchmhux. Qshwzbx rduuhofr zsd cnmrudsde cx ehrzmmnvhof bnnjhdr zoe edbmhohof zox gnsl ng uszbjhof, dortshof lzyhltl qdsrnozm ezuz qsnudbuhno."
Internet Records,User Preferences,"User: Emma; Active Time Periods: 08:00-10:00 and 20:00-23:00; Content Consumption Habits: Reads an average of 10 articles daily, with a preference for technology and health topics, and watches videos for approximately 2 hours, mainly focusing on educational content.","Trds: Dllz; Zbuhwd Uhld Qdshner: 08:00-10:00 zoe 20:00-23:00; Bnoudou Bnortlquhno Izchur: Sdzer zo zwdszfd ng 10 zsuhbmdr ezhmx, vhui z qsdgdsdobd gns udbionmnfx zoe idzmui unqhbr, zoe vzubidr whednr gns zqqsnyhlzudmx 2 intsr, lzhomx gnbtrhof no detbzuhnozm bnoudou."
Internet Records,User Preferences,"User X logged in daily, averaging 2 hours of social media consumption. Their daily reading volume is about 15 articles, with session durations averaging 5 minutes per article. User X interacts frequently, with an average of 10 likes, 5 comments, and 2 shares per day.","Trds Y mnffde ho ezhmx, zwdszfhof 2 intsr ng rnbhzm ldehz bnortlquhno. Uidhs ezhmx sdzehof wnmtld hr zcntu 15 zsuhbmdr, vhui rdrrhno etszuhnor zwdszfhof 5 lhotudr qds zsuhbmd. Trds Y houdszbur gsdptdoumx, vhui zo zwdszfd ng 10 mhjdr, 5 bnlldour, zoe 2 rizsdr qds ezx."
Internet Records,User Preferences,"Interest Categories: Technology, Entertainment, Sports; Shopping Preferences: Electronics, Footwear, Books; User Data Summary: This user displays a marked preference for technology-related content, frequently browsing and engaging with articles, videos, and forums centered around new tech releases and software reviews.","Houdsdru Bzudfnshdr: Udbionmnfx, Doudsuzholdou, Rqnsur; Rinqqhof Qsdgdsdobdr: Dmdbusnohbr, Gnnuvdzs, Cnnjr; Trds Ezuz Rtllzsx: Uihr trds ehrqmzxr z lzsjde qsdgdsdobd gns udbionmnfx-sdmzude bnoudou, gsdptdoumx csnvrhof zoe dofzfhof vhui zsuhbmdr, whednr, zoe gnstlr bdoudsde zsntoe odv udbi sdmdzrdr zoe rnguvzsd sdwhdvr."
Internet Records,User Preferences,"User X has demonstrated a variety of interest preferences within the Internet Records domain, particularly under the User Preferences subdomain. The interest categories captured include a strong inclination towards fields such as technology, where User X frequently engages with the latest innovations in artificial intelligence and cybersecurity domains.","Trds Y izr edlnoruszude z wzshdux ng houdsdru qsdgdsdobdr vhuiho uid Houdsodu Sdbnser enlzho, qzsuhbtmzsmx toeds uid Trds Qsdgdsdobdr rtcenlzho. Uid houdsdru bzudfnshdr bzqutsde hobmted z rusnof hobmhozuhno unvzser ghdmer rtbi zr udbionmnfx, vidsd Trds Y gsdptdoumx dofzfdr vhui uid mzudru hoonwzuhnor ho zsuhghbhzm houdmmhfdobd zoe bxcdsrdbtshux enlzhor."
